timestamp,location_id,road_name,latitude,longitude,vehicle_count,car_count,motorcycle_count,bus_count,truck_count,average_speed,road_occupancy,weather_condition
2026-05-01 00:00:00,LOC_001,Jl. Sisingamangaraja,2.3321,99.0654,53.0,16,32,1,4,51.2,30.84,Clear
2026-05-01 00:15:00,LOC_003,Jl. Gatot Subroto,2.3375,99.0729,48.0,12,29,2,5,,29.38,Cloudy
2026-05-01 00:30:00,LOC_002,Jl. Sudirman,2.3348,99.0701,36.0,10,19,1,6,51.14,24.08,Cloudy
2026-05-01 00:45:00,LOC_001,Jl. Sisingamangaraja,2.3321,99.0654,29.0,8,15,1,5,63.61,14.98,Clear
2026-05-01 01:00:00,LOC_005,Jl. Ahmad Yani,2.3429,99.0788,49.0,12,28,2,7,41.05,24.22,Foggy
2026-05-01 01:15:00,LOC_001,Jl. Sisingamangaraja,2.3321,99.0654,58.0,18,29,2,9,50.45,26.93,Clear
2026-05-01 01:30:00,LOC_001,Jl. Sisingamangaraja,2.3321,99.0654,59.0,17,32,2,8,42.37,33.87,Cloudy
2026-05-01 01:45:00,LOC_002,Jl. Sudirman,2.3348,99.0701,50.0,12,31,1,6,52.04,26.27,Clear
2026-05-01 02:00:00,LOC_005,Jl. Ahmad Yani,2.3429,99.0788,26.0,7,16,0,3,52.62,8.79,Cloudy
2026-05-01 02:15:00,LOC_005,Jl. Ahmad Yani,2.3429,99.0788,50.0,12,31,2,5,43.79,30.84,Foggy
2026-05-01 02:30:00,LOC_002,Jl. Sudirman,2.3348,99.0701,58.0,14,35,1,8,48.23,24.68,Foggy
2026-05-01 02:45:00,LOC_005,Jl. Ahmad Yani,2.3429,99.0788,66.0,18,33,2,13,43.75,43.45,Rainy
2026-05-01 03:00:00,LOC_001,Jl. Sisingamangaraja,2.3321,99.0654,49.0,15,25,2,7,53.76,34.7,Cloudy
2026-05-01 03:15:00,LOC_004,Jl. Merdeka,2.3402,99.0752,41.0,12,23,1,5,47.1,21.28,Rainy
2026-05-01 03:30:00,LOC_003,Jl. Gatot Subroto,2.3375,99.0729,37.0,10,23,1,3,44.8,16.61,Cloudy
2026-05-01 03:45:00,LOC_002,Jl. Sudirman,2.3348,99.0701,58.0,16,29,1,12,46.16,33.87,Rainy
2026-05-01 04:00:00,LOC_001,Jl. Sisingamangaraja,2.3321,99.0654,41.0,12,25,2,2,56.8,21.23,Clear
2026-05-01 04:15:00,LOC_004,Jl. Merdeka,2.3402,99.0752,38.0,10,19,1,8,56.68,22.42,Clear
2026-05-01 04:30:00,LOC_003,Jl. Gatot Subroto,2.3375,99.0729,43.0,11,24,1,7,45.31,26.15,Rainy
2026-05-01 04:45:00,LOC_005,Jl. Ahmad Yani,2.3429,99.0788,51.0,15,27,2,7,45.28,27.96,Rainy
2026-05-01 05:00:00,LOC_001,Jl. Sisingamangaraja,2.3321,99.0654,86.0,21,46,3,16,37.39,44.48,Foggy
2026-05-01 05:15:00,LOC_005,Jl. Ahmad Yani,2.3429,99.0788,85.0,28,46,2,9,43.61,41.38,Clear
2026-05-01 05:30:00,LOC_004,Jl. Merdeka,2.3402,99.0752,278.0,88,141,14,35,4.62,91.0,Clear
2026-05-01 05:45:00,LOC_005,Jl. Ahmad Yani,2.3429,99.0788,122.0,31,70,6,15,22.54,64.95,Rainy
2026-05-01 06:00:00,LOC_005,Jl. Ahmad Yani,2.3429,99.0788,171.0,43,102,6,20,12.24,98.25,Rainy
2026-05-01 06:15:00,LOC_005,Jl. Ahmad Yani,2.3429,99.0788,128.0,40,67,4,17,26.87,69.5,Cloudy
2026-05-01 06:30:00,LOC_001,Jl. Sisingamangaraja,2.3321,99.0654,161.0,49,100,6,6,19.83,87.82,Clear
2026-05-01 06:45:00,LOC_002,Jl. Sudirman,2.3348,99.0701,157.0,53,99,7,0,12.8,80.62,Rainy
2026-05-01 07:00:00,LOC_001,Jl. Sisingamangaraja,2.3321,99.0654,165.0,54,104,7,0,21.94,92.8,Cloudy
2026-05-01 07:15:00,LOC_001,Jl. Sisingamangaraja,2.3321,99.0654,184.0,47,92,8,37,20.46,100.0,Foggy
2026-05-01 07:30:00,LOC_003,Jl. Gatot Subroto,2.3375,99.0729,114.0,31,69,3,11,33.13,67.18,Foggy
2026-05-01 07:45:00,LOC_003,Jl. Gatot Subroto,2.3375,99.0729,132.0,41,82,5,4,28.02,69.56,Cloudy
2026-05-01 08:00:00,LOC_003,Jl. Gatot Subroto,2.3375,99.0729,129.0,37,83,7,2,21.49,77.71,Rainy
2026-05-01 08:15:00,LOC_002,Jl. Sudirman,2.3348,99.0701,166.0,51,95,6,14,18.0,87.94,Rainy
2026-05-01 08:30:00,LOC_001,Jl. Sisingamangaraja,2.3321,99.0654,146.0,50,93,8,0,27.43,80.49,Cloudy
2026-05-01 08:45:00,LOC_005,Jl. Ahmad Yani,2.3429,99.0788,151.0,52,97,8,0,20.86,76.31,Cloudy
2026-05-01 09:00:00,LOC_002,Jl. Sudirman,2.3348,99.0701,141.0,43,74,8,16,27.18,81.48,Foggy
2026-05-01 09:15:00,LOC_004,Jl. Merdeka,2.3402,99.0752,141.0,43,72,8,18,21.98,72.62,Rainy
2026-05-01 09:30:00,LOC_005,Jl. Ahmad Yani,2.3429,99.0788,147.0,47,88,5,7,27.49,86.19,
2026-05-01 09:45:00,LOC_003,Jl. Gatot Subroto,2.3375,99.0729,104.0,35,64,5,0,41.06,77.04,Clear
2026-05-01 10:00:00,LOC_002,Jl. Sudirman,2.3348,99.0701,86.0,28,52,4,2,48.04,42.01,Clear
2026-05-01 10:15:00,LOC_003,Jl. Gatot Subroto,2.3375,99.0729,62.0,19,31,1,11,52.76,25.11,Foggy
2026-05-01 10:30:00,LOC_003,Jl. Gatot Subroto,2.3375,99.0729,78.0,19,39,4,16,,38.87,Clear
2026-05-01 10:45:00,LOC_002,Jl. Sudirman,2.3348,99.0701,95.0,31,54,2,8,30.33,53.86,Rainy
2026-05-01 11:00:00,LOC_002,Jl. Sudirman,2.3348,99.0701,110.0,34,63,5,8,28.89,61.19,Foggy
2026-05-01 11:15:00,LOC_004,Jl. Merdeka,2.3402,99.0752,88.0,28,48,2,10,33.83,48.32,Foggy
2026-05-01 11:30:00,LOC_002,Jl. Sudirman,2.3348,99.0701,325.0,108,176,11,30,4.12,99.62,Rainy
2026-05-01 11:45:00,LOC_002,Jl. Sudirman,2.3348,99.0701,81.0,25,49,2,5,50.24,50.16,Cloudy
2026-05-01 12:00:00,LOC_005,Jl. Ahmad Yani,2.3429,99.0788,109.0,35,60,2,12,27.81,59.37,Rainy
2026-05-01 12:15:00,LOC_005,Jl. Ahmad Yani,2.3429,99.0788,139.0,41,71,5,22,23.24,70.98,Foggy
2026-05-01 12:30:00,LOC_005,Jl. Ahmad Yani,2.3429,99.0788,223.0,76,125,4,18,11.2,96.15,Foggy
2026-05-01 12:45:00,LOC_003,Jl. Gatot Subroto,2.3375,99.0729,116.0,36,72,3,5,33.8,61.44,Cloudy
2026-05-01 13:00:00,LOC_002,Jl. Sudirman,2.3348,99.0701,111.0,34,71,3,3,29.71,58.59,Foggy
2026-05-01 13:15:00,LOC_001,Jl. Sisingamangaraja,2.3321,99.0654,139.0,47,80,4,8,31.37,74.11,Clear
2026-05-01 13:30:00,LOC_001,Jl. Sisingamangaraja,2.3321,99.0654,117.0,29,73,6,9,30.78,61.89,Cloudy
2026-05-01 13:45:00,LOC_002,Jl. Sudirman,2.3348,99.0701,106.0,33,64,5,4,35.75,62.04,Foggy
2026-05-01 14:00:00,LOC_005,Jl. Ahmad Yani,2.3429,99.0788,75.0,24,45,4,2,44.01,32.73,Clear
2026-05-01 14:15:00,LOC_004,Jl. Merdeka,2.3402,99.0752,54.0,15,33,3,3,44.63,35.49,Foggy
2026-05-01 14:30:00,LOC_005,Jl. Ahmad Yani,2.3429,99.0788,107.0,36,55,4,12,35.5,56.83,Foggy
2026-05-01 14:45:00,LOC_005,Jl. Ahmad Yani,2.3429,99.0788,117.0,33,74,2,8,29.05,64.35,Rainy
2026-05-01 15:00:00,LOC_005,Jl. Ahmad Yani,2.3429,99.0788,86.0,25,51,2,8,45.88,53.8,Clear
2026-05-01 15:15:00,LOC_001,Jl. Sisingamangaraja,2.3321,99.0654,104.0,34,63,5,2,30.95,53.29,Rainy
2026-05-01 15:30:00,LOC_003,Jl. Gatot Subroto,2.3375,99.0729,70.0,23,39,2,6,44.79,41.96,Clear
2026-05-01 15:45:00,LOC_003,Jl. Gatot Subroto,2.3375,99.0729,96.0,24,49,4,19,33.12,54.49,Foggy
2026-05-01 16:00:00,LOC_002,Jl. Sudirman,2.3348,99.0701,148.0,51,92,8,0,16.37,78.9,Foggy
2026-05-01 16:15:00,LOC_001,Jl. Sisingamangaraja,2.3321,99.0654,230.0,75,117,9,29,5.0,100.0,Rainy
2026-05-01 16:30:00,LOC_005,Jl. Ahmad Yani,2.3429,99.0788,160.0,47,80,3,30,17.99,95.24,Cloudy
2026-05-01 16:45:00,LOC_005,Jl. Ahmad Yani,2.3429,99.0788,162.0,56,95,5,6,27.26,87.99,Clear
2026-05-01 17:00:00,LOC_003,Jl. Gatot Subroto,2.3375,99.0729,134.0,40,68,7,19,28.55,85.82,Cloudy
2026-05-01 17:15:00,LOC_002,Jl. Sudirman,2.3348,99.0701,184.0,54,111,8,11,14.49,100.0,Rainy
2026-05-01 17:30:00,LOC_002,Jl. Sudirman,2.3348,99.0701,170.0,45,92,6,27,19.27,99.61,Clear
2026-05-01 17:45:00,LOC_005,Jl. Ahmad Yani,2.3429,99.0788,,58,86,10,15,16.12,100.0,Rainy
2026-05-01 18:00:00,LOC_004,Jl. Merdeka,2.3402,99.0752,119.0,31,71,6,11,32.94,,Clear
2026-05-01 18:15:00,LOC_001,Jl. Sisingamangaraja,2.3321,99.0654,231.0,79,129,12,11,5.0,100.0,Rainy
2026-05-01 18:30:00,LOC_003,Jl. Gatot Subroto,2.3375,99.0729,111.0,37,71,5,0,39.67,49.41,Cloudy
2026-05-01 18:45:00,LOC_001,Jl. Sisingamangaraja,2.3321,99.0654,168.0,42,90,9,27,20.02,93.57,
2026-05-01 19:00:00,LOC_005,Jl. Ahmad Yani,2.3429,99.0788,147.0,38,83,8,18,30.74,74.82,Clear
2026-05-01 19:15:00,LOC_001,Jl. Sisingamangaraja,2.3321,99.0654,203.0,63,121,6,13,9.58,,Foggy
2026-05-01 19:30:00,LOC_001,Jl. Sisingamangaraja,2.3321,99.0654,198.0,66,114,8,10,12.96,100.0,Cloudy
2026-05-01 19:45:00,LOC_002,Jl. Sudirman,2.3348,99.0701,167.0,43,93,3,28,19.83,99.62,Foggy
2026-05-01 20:00:00,LOC_005,Jl. Ahmad Yani,2.3429,99.0788,77.0,19,40,2,16,45.49,,Cloudy
2026-05-01 20:15:00,LOC_003,Jl. Gatot Subroto,2.3375,99.0729,97.0,33,54,3,7,40.76,54.26,Foggy
2026-05-01 20:30:00,LOC_002,Jl. Sudirman,2.3348,99.0701,103.0,35,64,2,2,30.73,57.15,Cloudy
2026-05-01 20:45:00,LOC_003,Jl. Gatot Subroto,2.3375,99.0729,90.0,26,48,5,11,,49.55,Foggy
2026-05-01 21:00:00,LOC_003,Jl. Gatot Subroto,2.3375,99.0729,64.0,16,32,1,15,45.68,30.05,Foggy
2026-05-01 21:15:00,LOC_005,Jl. Ahmad Yani,2.3429,99.0788,103.0,34,56,4,9,29.31,59.74,Foggy
2026-05-01 21:30:00,LOC_001,Jl. Sisingamangaraja,2.3321,99.0654,93.0,24,48,2,19,35.58,44.5,Cloudy
2026-05-01 21:45:00,LOC_002,Jl. Sudirman,2.3348,99.0701,77.0,23,42,3,9,42.95,43.85,Clear
2026-05-01 22:00:00,LOC_003,Jl. Gatot Subroto,2.3375,99.0729,33.0,10,20,0,3,55.87,15.6,Clear
2026-05-01 22:15:00,LOC_005,Jl. Ahmad Yani,2.3429,99.0788,29.0,9,16,1,3,61.33,14.87,Cloudy
2026-05-01 22:30:00,LOC_005,Jl. Ahmad Yani,2.3429,99.0788,51.0,15,29,1,6,50.5,35.95,Cloudy
2026-05-01 22:45:00,LOC_001,Jl. Sisingamangaraja,2.3321,99.0654,18.0,4,9,0,5,57.91,5.0,Clear
2026-05-01 23:00:00,LOC_001,Jl. Sisingamangaraja,2.3321,99.0654,70.0,20,43,1,6,48.03,50.76,Cloudy
2026-05-01 23:15:00,LOC_001,Jl. Sisingamangaraja,2.3321,99.0654,59.0,17,36,1,5,46.75,25.86,Clear
2026-05-01 23:30:00,LOC_003,Jl. Gatot Subroto,2.3375,99.0729,46.0,16,25,2,3,61.14,23.75,Clear
2026-05-01 23:45:00,LOC_005,Jl. Ahmad Yani,2.3429,99.0788,41.0,11,21,1,8,49.38,18.46,Cloudy
2026-05-02 00:00:00,LOC_003,Jl. Gatot Subroto,2.3375,99.0729,40.0,13,22,0,5,45.68,24.17,Foggy
2026-05-02 00:15:00,LOC_002,Jl. Sudirman,2.3348,99.0701,40.0,13,25,1,1,54.0,17.33,Cloudy
2026-05-02 00:30:00,LOC_005,Jl. Ahmad Yani,2.3429,99.0788,50.0,13,29,2,6,49.51,24.95,Foggy
2026-05-02 00:45:00,LOC_002,Jl. Sudirman,2.3348,99.0701,33.0,9,18,0,6,51.79,13.81,Foggy
2026-05-02 01:00:00,LOC_004,Jl. Merdeka,2.3402,99.0752,39.0,11,20,1,7,45.6,20.92,Cloudy
2026-05-02 01:15:00,LOC_001,Jl. Sisingamangaraja,2.3321,99.0654,42.0,10,21,2,9,58.53,20.45,Clear
2026-05-02 01:30:00,LOC_004,Jl. Merdeka,2.3402,99.0752,47.0,14,28,1,4,40.73,17.26,Rainy
2026-05-02 01:45:00,LOC_004,Jl. Merdeka,2.3402,99.0752,22.0,7,14,1,0,54.98,9.2,Foggy
2026-05-02 02:00:00,LOC_004,Jl. Merdeka,2.3402,99.0752,31.0,10,18,0,3,56.63,14.25,Clear
2026-05-02 02:15:00,LOC_001,Jl. Sisingamangaraja,2.3321,99.0654,54.0,14,28,2,10,52.66,40.38,Clear
2026-05-02 02:30:00,LOC_004,Jl. Merdeka,2.3402,99.0752,,15,26,1,5,43.95,,Rainy
2026-05-02 02:45:00,LOC_001,Jl. Sisingamangaraja,2.3321,99.0654,324.0,94,189,10,31,11.47,98.62,Cloudy
2026-05-02 03:00:00,LOC_002,Jl. Sudirman,2.3348,99.0701,51.0,15,32,1,3,40.41,29.16,Cloudy
2026-05-02 03:15:00,LOC_005,Jl. Ahmad Yani,2.3429,99.0788,313.0,84,165,9,55,6.74,99.78,Foggy
2026-05-02 03:30:00,LOC_002,Jl. Sudirman,2.3348,99.0701,48.0,13,25,1,9,47.99,,Foggy
2026-05-02 03:45:00,LOC_002,Jl. Sudirman,2.3348,99.0701,54.0,15,34,2,3,42.42,25.11,Rainy
2026-05-02 04:00:00,LOC_004,Jl. Merdeka,2.3402,99.0752,26.0,8,13,1,4,57.01,21.37,Cloudy
2026-05-02 04:15:00,LOC_001,Jl. Sisingamangaraja,2.3321,99.0654,328.0,85,166,9,68,3.88,95.27,Foggy
2026-05-02 04:30:00,LOC_005,Jl. Ahmad Yani,2.3429,99.0788,50.0,15,26,2,7,52.28,,Clear
2026-05-02 04:45:00,LOC_001,Jl. Sisingamangaraja,2.3321,99.0654,48.0,16,30,2,0,54.92,27.79,Clear
2026-05-02 05:00:00,LOC_001,Jl. Sisingamangaraja,2.3321,99.0654,90.0,27,52,3,8,41.39,50.92,Cloudy
2026-05-02 05:15:00,LOC_002,Jl. Sudirman,2.3348,99.0701,93.0,27,59,2,5,35.97,57.14,Foggy
2026-05-02 05:30:00,LOC_004,Jl. Merdeka,2.3402,99.0752,48.0,13,24,2,9,53.12,30.93,Foggy
2026-05-02 05:45:00,LOC_002,Jl. Sudirman,2.3348,99.0701,64.0,18,40,2,4,,,Foggy
2026-05-02 06:00:00,LOC_001,Jl. Sisingamangaraja,2.3321,99.0654,156.0,41,81,6,28,16.99,90.69,Cloudy
2026-05-02 06:15:00,LOC_004,Jl. Merdeka,2.3402,99.0752,94.0,28,52,4,10,40.42,,Clear
2026-05-02 06:30:00,LOC_004,Jl. Merdeka,2.3402,99.0752,150.0,48,76,4,22,19.74,82.76,Rainy
2026-05-02 06:45:00,LOC_004,Jl. Merdeka,2.3402,99.0752,121.0,30,63,4,24,23.9,67.75,Rainy
2026-05-02 07:00:00,LOC_004,Jl. Merdeka,2.3402,99.0752,107.0,31,61,3,12,38.27,53.56,Foggy
2026-05-02 07:15:00,LOC_002,Jl. Sudirman,2.3348,99.0701,136.0,45,71,7,13,22.37,71.67,Cloudy
2026-05-02 07:30:00,LOC_003,Jl. Gatot Subroto,2.3375,99.0729,104.0,27,52,5,20,43.01,57.33,Cloudy
2026-05-02 07:45:00,LOC_001,Jl. Sisingamangaraja,2.3321,99.0654,152.0,41,81,7,23,24.9,86.89,Clear
2026-05-02 08:00:00,LOC_003,Jl. Gatot Subroto,2.3375,99.0729,97.0,26,49,4,18,43.6,55.06,
2026-05-02 08:15:00,LOC_001,Jl. Sisingamangaraja,2.3321,99.0654,177.0,56,99,4,18,17.12,96.79,Foggy
2026-05-02 08:30:00,LOC_005,Jl. Ahmad Yani,2.3429,99.0788,146.0,49,82,7,8,20.5,74.9,Cloudy
2026-05-02 08:45:00,LOC_001,Jl. Sisingamangaraja,2.3321,99.0654,142.0,43,79,4,16,24.38,87.66,Clear
2026-05-02 09:00:00,LOC_002,Jl. Sudirman,2.3348,99.0701,103.0,35,56,5,7,46.04,62.08,Clear
2026-05-02 09:15:00,LOC_005,Jl. Ahmad Yani,2.3429,99.0788,135.0,39,83,2,11,32.48,66.45,Clear
2026-05-02 09:30:00,LOC_002,Jl. Sudirman,2.3348,99.0701,131.0,43,68,7,13,29.22,66.34,Foggy
2026-05-02 09:45:00,LOC_001,Jl. Sisingamangaraja,2.3321,99.0654,160.0,40,86,9,25,22.78,84.0,Cloudy
2026-05-02 10:00:00,LOC_005,Jl. Ahmad Yani,2.3429,99.0788,349.0,117,223,16,0,4.18,92.36,Clear
2026-05-02 10:15:00,LOC_005,Jl. Ahmad Yani,2.3429,99.0788,103.0,27,61,5,10,31.89,50.82,Clear
2026-05-02 10:30:00,LOC_004,Jl. Merdeka,2.3402,99.0752,67.0,21,35,1,10,40.35,,Rainy
2026-05-02 10:45:00,LOC_003,Jl. Gatot Subroto,2.3375,99.0729,80.0,22,44,2,12,38.1,49.71,Cloudy
2026-05-02 11:00:00,LOC_003,Jl. Gatot Subroto,2.3375,99.0729,76.0,26,45,3,2,53.53,45.26,Cloudy
2026-05-02 11:15:00,LOC_003,Jl. Gatot Subroto,2.3375,99.0729,78.0,23,39,3,13,44.1,39.82,Foggy
2026-05-02 11:30:00,LOC_002,Jl. Sudirman,2.3348,99.0701,119.0,34,71,3,11,34.33,68.61,Rainy
2026-05-02 11:45:00,LOC_004,Jl. Merdeka,2.3402,99.0752,96.0,26,58,4,8,30.09,52.1,Rainy
2026-05-02 12:00:00,LOC_001,Jl. Sisingamangaraja,2.3321,99.0654,113.0,34,59,6,14,,66.86,Clear
2026-05-02 12:15:00,LOC_004,Jl. Merdeka,2.3402,99.0752,79.0,25,47,4,3,44.97,35.58,Clear
2026-05-02 12:30:00,LOC_001,Jl. Sisingamangaraja,2.3321,99.0654,124.0,38,65,7,14,31.83,71.12,Cloudy
2026-05-02 12:45:00,LOC_005,Jl. Ahmad Yani,2.3429,99.0788,124.0,42,80,4,0,26.11,69.04,Rainy
2026-05-02 13:00:00,LOC_002,Jl. Sudirman,2.3348,99.0701,131.0,40,66,3,22,22.19,67.57,Rainy
2026-05-02 13:15:00,LOC_001,Jl. Sisingamangaraja,2.3321,99.0654,135.0,34,82,4,15,34.04,75.98,Cloudy
2026-05-02 13:30:00,LOC_003,Jl. Gatot Subroto,2.3375,99.0729,117.0,36,74,3,4,21.81,68.57,Rainy
2026-05-02 13:45:00,LOC_002,Jl. Sudirman,2.3348,99.0701,110.0,38,68,3,1,29.43,68.16,Foggy
2026-05-02 14:00:00,LOC_005,Jl. Ahmad Yani,2.3429,99.0788,133.0,46,83,6,0,22.3,65.48,Rainy
2026-05-02 14:15:00,LOC_005,Jl. Ahmad Yani,2.3429,99.0788,63.0,17,38,1,7,43.87,30.41,Clear
2026-05-02 14:30:00,LOC_005,Jl. Ahmad Yani,2.3429,99.0788,94.0,23,47,5,19,30.43,42.55,Rainy
2026-05-02 14:45:00,LOC_001,Jl. Sisingamangaraja,2.3321,99.0654,85.0,23,51,4,7,44.69,46.15,Cloudy
2026-05-02 15:00:00,LOC_003,Jl. Gatot Subroto,2.3375,99.0729,69.0,18,40,4,7,50.45,44.17,Clear
2026-05-02 15:15:00,LOC_001,Jl. Sisingamangaraja,2.3321,99.0654,119.0,32,68,3,16,29.76,63.33,Cloudy
2026-05-02 15:30:00,LOC_003,Jl. Gatot Subroto,2.3375,99.0729,79.0,27,40,4,8,42.01,42.02,Rainy
2026-05-02 15:45:00,LOC_005,Jl. Ahmad Yani,2.3429,99.0788,75.0,23,46,1,5,41.04,44.83,Cloudy
2026-05-02 16:00:00,LOC_003,Jl. Gatot Subroto,2.3375,99.0729,134.0,41,78,3,12,22.44,72.63,Cloudy
2026-05-02 16:15:00,LOC_003,Jl. Gatot Subroto,2.3375,99.0729,151.0,51,78,8,14,22.39,85.56,Foggy
2026-05-02 16:30:00,LOC_003,Jl. Gatot Subroto,2.3375,99.0729,133.0,38,68,4,23,39.79,78.31,Clear
2026-05-02 16:45:00,LOC_001,Jl. Sisingamangaraja,2.3321,99.0654,185.0,47,106,5,27,10.68,100.0,
2026-05-02 17:00:00,LOC_003,Jl. Gatot Subroto,2.3375,99.0729,125.0,38,71,6,10,38.5,76.06,Clear
2026-05-02 17:15:00,LOC_001,Jl. Sisingamangaraja,2.3321,99.0654,200.0,55,116,11,18,9.36,100.0,Rainy
2026-05-02 17:30:00,LOC_002,Jl. Sudirman,2.3348,99.0701,189.0,60,114,8,7,11.78,100.0,Rainy
2026-05-02 17:45:00,LOC_002,Jl. Sudirman,2.3348,99.0701,171.0,57,108,3,3,15.58,95.73,Foggy
2026-05-02 18:00:00,LOC_005,Jl. Ahmad Yani,2.3429,99.0788,190.0,63,99,10,18,8.23,100.0,Foggy
2026-05-02 18:15:00,LOC_005,Jl. Ahmad Yani,2.3429,99.0788,153.0,47,83,9,14,21.31,,Clear
2026-05-02 18:30:00,LOC_001,Jl. Sisingamangaraja,2.3321,99.0654,178.0,46,109,8,15,29.15,100.0,Clear
2026-05-02 18:45:00,LOC_002,Jl. Sudirman,2.3348,99.0701,144.0,45,79,8,12,27.21,80.97,Clear
2026-05-02 19:00:00,LOC_003,Jl. Gatot Subroto,2.3375,99.0729,145.0,44,73,4,24,21.64,78.15,Cloudy
2026-05-02 19:15:00,LOC_004,Jl. Merdeka,2.3402,99.0752,114.0,39,71,6,0,31.26,65.22,Cloudy
2026-05-02 19:30:00,LOC_001,Jl. Sisingamangaraja,2.3321,99.0654,232.0,68,139,7,18,5.0,100.0,Rainy
2026-05-02 19:45:00,LOC_003,Jl. Gatot Subroto,2.3375,99.0729,123.0,39,76,3,5,35.23,65.51,Clear
2026-05-02 20:00:00,LOC_003,Jl. Gatot Subroto,2.3375,99.0729,58.0,15,37,2,4,50.99,31.65,Cloudy
2026-05-02 20:15:00,LOC_002,Jl. Sudirman,2.3348,99.0701,87.0,25,51,2,9,43.07,49.55,Clear
2026-05-02 20:30:00,LOC_003,Jl. Gatot Subroto,2.3375,99.0729,77.0,19,40,3,15,41.16,47.53,Foggy
2026-05-02 20:45:00,LOC_005,Jl. Ahmad Yani,2.3429,99.0788,,29,48,2,6,42.12,49.51,Cloudy
2026-05-02 21:00:00,LOC_002,Jl. Sudirman,2.3348,99.0701,90.0,28,55,2,5,41.29,56.25,Cloudy
2026-05-02 21:15:00,LOC_002,Jl. Sudirman,2.3348,99.0701,97.0,25,55,2,15,32.04,62.89,Foggy
2026-05-02 21:30:00,LOC_001,Jl. Sisingamangaraja,2.3321,99.0654,99.0,30,50,3,16,31.53,51.83,Cloudy
2026-05-02 21:45:00,LOC_003,Jl. Gatot Subroto,2.3375,99.0729,92.0,23,52,2,15,34.19,38.99,Foggy
2026-05-02 22:00:00,LOC_002,Jl. Sudirman,2.3348,99.0701,30.0,10,18,1,1,52.54,16.55,Rainy
2026-05-02 22:15:00,LOC_002,Jl. Sudirman,2.3348,99.0701,33.0,9,17,1,6,56.74,12.54,Clear
2026-05-02 22:30:00,LOC_004,Jl. Merdeka,2.3402,99.0752,48.0,12,28,1,7,56.51,22.29,Clear
2026-05-02 22:45:00,LOC_004,Jl. Merdeka,2.3402,99.0752,31.0,7,17,0,7,50.24,15.82,Cloudy
2026-05-02 23:00:00,LOC_002,Jl. Sudirman,2.3348,99.0701,67.0,18,41,1,7,44.81,38.6,Foggy
2026-05-02 23:15:00,LOC_003,Jl. Gatot Subroto,2.3375,99.0729,34.0,8,20,1,5,48.74,15.65,Rainy
2026-05-02 23:30:00,LOC_002,Jl. Sudirman,2.3348,99.0701,50.0,16,30,1,3,51.07,28.35,Cloudy
2026-05-02 23:45:00,LOC_001,Jl. Sisingamangaraja,2.3321,99.0654,61.0,18,37,2,4,53.69,34.88,Cloudy
2026-05-03 00:00:00,LOC_004,Jl. Merdeka,2.3402,99.0752,29.0,7,18,1,3,47.81,10.95,Rainy
2026-05-03 00:15:00,LOC_003,Jl. Gatot Subroto,2.3375,99.0729,28.0,8,17,1,2,64.91,17.74,Clear
2026-05-03 00:30:00,LOC_003,Jl. Gatot Subroto,2.3375,99.0729,44.0,13,23,1,7,46.48,29.9,Rainy
2026-05-03 00:45:00,LOC_005,Jl. Ahmad Yani,2.3429,99.0788,47.0,15,28,1,3,42.35,18.79,Foggy
2026-05-03 01:00:00,LOC_005,Jl. Ahmad Yani,2.3429,99.0788,55.0,17,31,2,5,47.44,22.39,Rainy
2026-05-03 01:15:00,LOC_001,Jl. Sisingamangaraja,2.3321,99.0654,40.0,13,23,1,3,60.91,29.12,Clear
2026-05-03 01:30:00,LOC_003,Jl. Gatot Subroto,2.3375,99.0729,29.0,9,17,0,3,56.33,17.73,Cloudy
2026-05-03 01:45:00,LOC_005,Jl. Ahmad Yani,2.3429,99.0788,49.0,13,28,2,6,47.84,12.98,Rainy
2026-05-03 02:00:00,LOC_001,Jl. Sisingamangaraja,2.3321,99.0654,61.0,17,31,3,10,42.79,37.93,Clear
2026-05-03 02:15:00,LOC_005,Jl. Ahmad Yani,2.3429,99.0788,33.0,10,18,0,5,,20.72,Foggy
2026-05-03 02:30:00,LOC_003,Jl. Gatot Subroto,2.3375,99.0729,,14,24,1,5,40.87,27.69,Rainy
2026-05-03 02:45:00,LOC_004,Jl. Merdeka,2.3402,99.0752,13.0,3,7,0,3,60.46,17.61,Clear
2026-05-03 03:00:00,LOC_004,Jl. Merdeka,2.3402,99.0752,36.0,12,21,1,2,54.72,18.37,Cloudy
2026-05-03 03:15:00,LOC_003,Jl. Gatot Subroto,2.3375,99.0729,28.0,8,14,1,5,60.93,15.15,Clear
2026-05-03 03:30:00,LOC_004,Jl. Merdeka,2.3402,99.0752,30.0,7,15,1,7,49.51,17.36,Clear
2026-05-03 03:45:00,LOC_005,Jl. Ahmad Yani,2.3429,99.0788,50.0,14,31,2,3,57.85,27.08,Cloudy
2026-05-03 04:00:00,LOC_003,Jl. Gatot Subroto,2.3375,99.0729,,16,28,3,6,41.59,30.83,Foggy
2026-05-03 04:15:00,LOC_001,Jl. Sisingamangaraja,2.3321,99.0654,51.0,17,28,1,5,47.73,30.81,Rainy
2026-05-03 04:30:00,LOC_005,Jl. Ahmad Yani,2.3429,99.0788,54.0,16,31,2,5,44.96,27.76,Rainy
2026-05-03 04:45:00,LOC_001,Jl. Sisingamangaraja,2.3321,99.0654,60.0,19,38,2,1,44.55,27.62,Rainy
2026-05-03 05:00:00,LOC_005,Jl. Ahmad Yani,2.3429,99.0788,125.0,39,64,7,15,21.16,74.47,
2026-05-03 05:15:00,LOC_004,Jl. Merdeka,2.3402,99.0752,71.0,21,43,3,4,38.27,44.26,Rainy
2026-05-03 05:30:00,LOC_004,Jl. Merdeka,2.3402,99.0752,308.0,86,178,10,34,11.62,90.78,Rainy
2026-05-03 05:45:00,LOC_005,Jl. Ahmad Yani,2.3429,99.0788,86.0,26,44,1,15,36.11,40.58,Cloudy
2026-05-03 06:00:00,LOC_002,Jl. Sudirman,2.3348,99.0701,166.0,48,92,4,22,14.11,85.76,Foggy
2026-05-03 06:15:00,LOC_004,Jl. Merdeka,2.3402,99.0752,93.0,28,47,4,14,36.0,62.93,Cloudy
2026-05-03 06:30:00,LOC_005,Jl. Ahmad Yani,2.3429,99.0788,181.0,53,104,3,21,10.45,94.77,Rainy
2026-05-03 06:45:00,LOC_004,Jl. Merdeka,2.3402,99.0752,77.0,23,43,3,8,51.29,45.6,Clear
2026-05-03 07:00:00,LOC_003,Jl. Gatot Subroto,2.3375,99.0729,147.0,37,94,4,12,23.66,80.4,Rainy
2026-05-03 07:15:00,LOC_002,Jl. Sudirman,2.3348,99.0701,151.0,38,96,8,9,,82.49,Foggy
2026-05-03 07:30:00,LOC_005,Jl. Ahmad Yani,2.3429,99.0788,,41,80,7,21,19.36,73.22,Rainy
2026-05-03 07:45:00,LOC_004,Jl. Merdeka,2.3402,99.0752,115.0,36,68,3,8,26.32,62.77,Foggy
2026-05-03 08:00:00,LOC_004,Jl. Merdeka,2.3402,99.0752,107.0,32,56,5,14,31.38,60.25,Cloudy
2026-05-03 08:15:00,LOC_005,Jl. Ahmad Yani,2.3429,99.0788,145.0,50,78,5,12,23.65,87.38,Foggy
2026-05-03 08:30:00,LOC_002,Jl. Sudirman,2.3348,99.0701,129.0,40,82,6,1,31.03,70.25,Clear
2026-05-03 08:45:00,LOC_003,Jl. Gatot Subroto,2.3375,99.0729,144.0,44,76,5,19,16.02,76.54,Rainy
2026-05-03 09:00:00,LOC_001,Jl. Sisingamangaraja,2.3321,99.0654,150.0,43,93,7,7,28.08,84.53,Cloudy
2026-05-03 09:15:00,LOC_003,Jl. Gatot Subroto,2.3375,99.0729,108.0,33,61,2,12,37.54,62.07,Cloudy
2026-05-03 09:30:00,LOC_002,Jl. Sudirman,2.3348,99.0701,132.0,41,66,5,20,28.48,65.65,Cloudy
2026-05-03 09:45:00,LOC_001,Jl. Sisingamangaraja,2.3321,99.0654,155.0,47,86,6,16,23.04,94.31,Clear
2026-05-03 10:00:00,LOC_002,Jl. Sudirman,2.3348,99.0701,112.0,39,67,2,4,28.79,63.74,Foggy
2026-05-03 10:15:00,LOC_005,Jl. Ahmad Yani,2.3429,99.0788,78.0,21,45,1,11,43.17,38.26,Clear
2026-05-03 10:30:00,LOC_004,Jl. Merdeka,2.3402,99.0752,61.0,18,31,1,11,38.85,,Foggy
2026-05-03 10:45:00,LOC_005,Jl. Ahmad Yani,2.3429,99.0788,97.0,32,56,4,5,29.78,55.76,Cloudy
2026-05-03 11:00:00,LOC_004,Jl. Merdeka,2.3402,99.0752,97.0,30,62,4,1,29.91,52.59,Foggy
2026-05-03 11:15:00,LOC_004,Jl. Merdeka,2.3402,99.0752,96.0,29,48,5,14,40.16,48.73,Cloudy
2026-05-03 11:30:00,LOC_002,Jl. Sudirman,2.3348,99.0701,98.0,28,50,4,16,34.85,61.01,Clear
2026-05-03 11:45:00,LOC_001,Jl. Sisingamangaraja,2.3321,99.0654,116.0,39,71,3,3,25.63,62.86,Foggy
2026-05-03 12:00:00,LOC_002,Jl. Sudirman,2.3348,99.0701,115.0,35,66,2,12,33.82,61.25,Cloudy
2026-05-03 12:15:00,LOC_005,Jl. Ahmad Yani,2.3429,99.0788,121.0,39,75,5,2,25.61,60.57,Foggy
2026-05-03 12:30:00,LOC_001,Jl. Sisingamangaraja,2.3321,99.0654,97.0,28,54,4,11,39.78,58.07,Cloudy
2026-05-03 12:45:00,LOC_001,Jl. Sisingamangaraja,2.3321,99.0654,131.0,45,75,7,4,26.58,72.28,Foggy
2026-05-03 13:00:00,LOC_002,Jl. Sudirman,2.3348,99.0701,121.0,40,76,6,0,27.59,64.69,Foggy
2026-05-03 13:15:00,LOC_005,Jl. Ahmad Yani,2.3429,99.0788,324.0,108,188,6,22,3.09,90.75,Rainy
2026-05-03 13:30:00,LOC_004,Jl. Merdeka,2.3402,99.0752,95.0,31,49,5,10,37.15,65.1,
2026-05-03 13:45:00,LOC_005,Jl. Ahmad Yani,2.3429,99.0788,113.0,30,69,4,10,26.49,61.25,Foggy
2026-05-03 14:00:00,LOC_002,Jl. Sudirman,2.3348,99.0701,84.0,22,42,4,16,37.25,49.21,Foggy
2026-05-03 14:15:00,LOC_004,Jl. Merdeka,2.3402,99.0752,75.0,21,42,3,9,34.49,40.95,Rainy
2026-05-03 14:30:00,LOC_002,Jl. Sudirman,2.3348,99.0701,85.0,26,50,2,7,,43.78,Rainy
2026-05-03 14:45:00,LOC_005,Jl. Ahmad Yani,2.3429,99.0788,96.0,24,62,4,6,32.55,51.82,Foggy
2026-05-03 15:00:00,LOC_002,Jl. Sudirman,2.3348,99.0701,95.0,33,54,4,4,33.93,45.11,Rainy
2026-05-03 15:15:00,LOC_004,Jl. Merdeka,2.3402,99.0752,70.0,21,41,2,6,42.03,37.77,Clear
2026-05-03 15:30:00,LOC_003,Jl. Gatot Subroto,2.3375,99.0729,59.0,19,36,2,2,40.04,32.63,Cloudy
2026-05-03 15:45:00,LOC_003,Jl. Gatot Subroto,2.3375,99.0729,85.0,21,48,2,14,33.57,49.18,Rainy
2026-05-03 16:00:00,LOC_003,Jl. Gatot Subroto,2.3375,99.0729,108.0,29,54,6,19,38.73,55.03,Clear
2026-05-03 16:15:00,LOC_002,Jl. Sudirman,2.3348,99.0701,150.0,44,87,8,11,24.39,78.67,Cloudy
2026-05-03 16:30:00,LOC_002,Jl. Sudirman,2.3348,99.0701,160.0,47,97,5,11,15.46,84.51,Foggy
2026-05-03 16:45:00,LOC_002,Jl. Sudirman,2.3348,99.0701,123.0,41,75,7,0,28.57,73.53,Cloudy
2026-05-03 17:00:00,LOC_001,Jl. Sisingamangaraja,2.3321,99.0654,189.0,63,101,4,21,19.05,100.0,Foggy
2026-05-03 17:15:00,LOC_004,Jl. Merdeka,2.3402,99.0752,146.0,46,86,8,6,25.71,88.92,Rainy
2026-05-03 17:30:00,LOC_005,Jl. Ahmad Yani,2.3429,99.0788,176.0,56,91,7,22,11.99,96.63,Foggy
2026-05-03 17:45:00,LOC_004,Jl. Merdeka,2.3402,99.0752,109.0,35,55,2,17,32.36,55.7,Clear
2026-05-03 18:00:00,LOC_002,Jl. Sudirman,2.3348,99.0701,180.0,48,107,4,21,11.37,100.0,Foggy
2026-05-03 18:15:00,LOC_004,Jl. Merdeka,2.3402,99.0752,99.0,27,60,2,10,44.23,51.22,Clear
2026-05-03 18:30:00,LOC_005,Jl. Ahmad Yani,2.3429,99.0788,158.0,41,83,7,27,25.51,90.99,Foggy
2026-05-03 18:45:00,LOC_004,Jl. Merdeka,2.3402,99.0752,122.0,31,70,7,14,31.93,72.42,Clear
2026-05-03 19:00:00,LOC_003,Jl. Gatot Subroto,2.3375,99.0729,158.0,51,92,8,7,18.57,83.51,Rainy
2026-05-03 19:15:00,LOC_004,Jl. Merdeka,2.3402,99.0752,128.0,43,70,3,12,22.82,61.28,Foggy
2026-05-03 19:30:00,LOC_005,Jl. Ahmad Yani,2.3429,99.0788,185.0,50,118,4,13,11.34,100.0,
2026-05-03 19:45:00,LOC_004,Jl. Merdeka,2.3402,99.0752,309.0,95,186,7,21,6.89,93.86,Cloudy
2026-05-03 20:00:00,LOC_003,Jl. Gatot Subroto,2.3375,99.0729,77.0,24,48,3,2,,37.58,
2026-05-03 20:15:00,LOC_004,Jl. Merdeka,2.3402,99.0752,66.0,22,38,3,3,50.1,33.41,Clear
2026-05-03 20:30:00,LOC_004,Jl. Merdeka,2.3402,99.0752,68.0,22,39,3,4,42.35,49.28,Rainy
2026-05-03 20:45:00,LOC_004,Jl. Merdeka,2.3402,99.0752,75.0,20,43,3,9,46.26,43.57,Cloudy
2026-05-03 21:00:00,LOC_004,Jl. Merdeka,2.3402,99.0752,78.0,23,40,1,14,45.19,47.48,Cloudy
2026-05-03 21:15:00,LOC_005,Jl. Ahmad Yani,2.3429,99.0788,73.0,18,47,2,6,44.43,43.5,Clear
2026-05-03 21:30:00,LOC_004,Jl. Merdeka,2.3402,99.0752,80.0,21,47,2,10,46.58,45.83,Clear
2026-05-03 21:45:00,LOC_001,Jl. Sisingamangaraja,2.3321,99.0654,126.0,41,63,2,20,24.36,73.24,Foggy
2026-05-03 22:00:00,LOC_002,Jl. Sudirman,2.3348,99.0701,44.0,11,24,1,8,49.68,20.36,Foggy
2026-05-03 22:15:00,LOC_002,Jl. Sudirman,2.3348,99.0701,14.0,4,8,0,2,55.83,5.0,Clear
2026-05-03 22:30:00,LOC_003,Jl. Gatot Subroto,2.3375,99.0729,21.0,5,13,0,3,58.8,22.74,Foggy
2026-05-03 22:45:00,LOC_003,Jl. Gatot Subroto,2.3375,99.0729,33.0,10,16,1,6,62.0,24.38,Cloudy
2026-05-03 23:00:00,LOC_004,Jl. Merdeka,2.3402,99.0752,49.0,16,26,1,6,47.12,32.8,Rainy
2026-05-03 23:15:00,LOC_003,Jl. Gatot Subroto,2.3375,99.0729,32.0,10,19,1,2,46.43,16.81,Foggy
2026-05-03 23:30:00,LOC_003,Jl. Gatot Subroto,2.3375,99.0729,,8,15,1,7,43.78,18.17,Foggy
2026-05-03 23:45:00,LOC_003,Jl. Gatot Subroto,2.3375,99.0729,41.0,12,23,2,4,53.84,17.98,Clear
2026-05-04 00:00:00,LOC_004,Jl. Merdeka,2.3402,99.0752,25.0,7,14,0,4,63.1,6.83,Clear
2026-05-04 00:15:00,LOC_005,Jl. Ahmad Yani,2.3429,99.0788,28.0,7,14,1,6,58.56,6.71,Clear
2026-05-04 00:30:00,LOC_003,Jl. Gatot Subroto,2.3375,99.0729,40.0,11,21,2,6,51.41,20.38,Cloudy
2026-05-04 00:45:00,LOC_001,Jl. Sisingamangaraja,2.3321,99.0654,52.0,15,32,2,3,51.89,37.75,Clear
2026-05-04 01:00:00,LOC_001,Jl. Sisingamangaraja,2.3321,99.0654,69.0,18,42,3,6,42.92,40.31,Cloudy
2026-05-04 01:15:00,LOC_002,Jl. Sudirman,2.3348,99.0701,33.0,11,19,0,3,56.35,17.31,Clear
2026-05-04 01:30:00,LOC_005,Jl. Ahmad Yani,2.3429,99.0788,278.0,90,146,8,34,6.91,91.93,Cloudy
2026-05-04 01:45:00,LOC_002,Jl. Sudirman,2.3348,99.0701,60.0,15,36,2,7,37.3,37.75,Cloudy
2026-05-04 02:00:00,LOC_004,Jl. Merdeka,2.3402,99.0752,38.0,12,19,2,5,54.37,24.62,Clear
2026-05-04 02:15:00,LOC_005,Jl. Ahmad Yani,2.3429,99.0788,45.0,13,22,1,9,53.93,18.73,Cloudy
2026-05-04 02:30:00,LOC_004,Jl. Merdeka,2.3402,99.0752,41.0,14,23,1,3,41.32,18.74,Rainy
2026-05-04 02:45:00,LOC_003,Jl. Gatot Subroto,2.3375,99.0729,32.0,8,16,0,8,54.8,23.52,Cloudy
2026-05-04 03:00:00,LOC_005,Jl. Ahmad Yani,2.3429,99.0788,30.0,9,18,0,3,57.75,18.56,Clear
2026-05-04 03:15:00,LOC_002,Jl. Sudirman,2.3348,99.0701,71.0,21,36,2,12,41.0,43.96,Rainy
2026-05-04 03:30:00,LOC_001,Jl. Sisingamangaraja,2.3321,99.0654,19.0,5,11,0,3,56.21,17.54,Clear
2026-05-04 03:45:00,LOC_003,Jl. Gatot Subroto,2.3375,99.0729,40.0,10,22,2,6,46.42,18.23,Foggy
2026-05-04 04:00:00,LOC_004,Jl. Merdeka,2.3402,99.0752,25.0,7,15,0,3,51.94,12.09,Cloudy
2026-05-04 04:15:00,LOC_001,Jl. Sisingamangaraja,2.3321,99.0654,56.0,19,31,2,4,51.53,30.72,Cloudy
2026-05-04 04:30:00,LOC_001,Jl. Sisingamangaraja,2.3321,99.0654,57.0,17,29,3,8,55.52,38.21,Rainy
2026-05-04 04:45:00,LOC_005,Jl. Ahmad Yani,2.3429,99.0788,35.0,9,22,1,3,59.93,16.1,Clear
2026-05-04 05:00:00,LOC_005,Jl. Ahmad Yani,2.3429,99.0788,107.0,30,66,6,5,42.57,53.35,Clear
2026-05-04 05:15:00,LOC_003,Jl. Gatot Subroto,2.3375,99.0729,81.0,26,48,2,5,37.41,42.98,Foggy
2026-05-04 05:30:00,LOC_003,Jl. Gatot Subroto,2.3375,99.0729,58.0,18,32,1,7,52.19,33.18,Clear
2026-05-04 05:45:00,LOC_005,Jl. Ahmad Yani,2.3429,99.0788,109.0,37,62,4,6,25.5,62.7,Rainy
2026-05-04 06:00:00,LOC_001,Jl. Sisingamangaraja,2.3321,99.0654,172.0,43,90,7,32,19.94,100.0,Foggy
2026-05-04 06:15:00,LOC_004,Jl. Merdeka,2.3402,99.0752,98.0,25,62,4,7,41.85,52.97,Clear
2026-05-04 06:30:00,LOC_004,Jl. Merdeka,2.3402,99.0752,122.0,34,73,4,11,31.77,66.95,Rainy
2026-05-04 06:45:00,LOC_004,Jl. Merdeka,2.3402,99.0752,116.0,34,64,6,12,29.0,61.92,Cloudy
2026-05-04 07:00:00,LOC_004,Jl. Merdeka,2.3402,99.0752,110.0,30,56,2,22,36.69,57.8,Cloudy
2026-05-04 07:15:00,LOC_005,Jl. Ahmad Yani,2.3429,99.0788,145.0,45,88,6,6,24.74,78.4,Rainy
2026-05-04 07:30:00,LOC_005,Jl. Ahmad Yani,2.3429,99.0788,161.0,42,95,7,17,18.65,95.42,Foggy
2026-05-04 07:45:00,LOC_004,Jl. Merdeka,2.3402,99.0752,96.0,25,49,5,17,37.35,50.96,Foggy
2026-05-04 08:00:00,LOC_005,Jl. Ahmad Yani,2.3429,99.0788,180.0,54,108,5,13,6.62,100.0,Rainy
2026-05-04 08:15:00,LOC_003,Jl. Gatot Subroto,2.3375,99.0729,101.0,34,64,5,0,39.29,61.66,Cloudy
2026-05-04 08:30:00,LOC_001,Jl. Sisingamangaraja,2.3321,99.0654,194.0,59,116,4,15,7.53,99.25,Rainy
2026-05-04 08:45:00,LOC_004,Jl. Merdeka,2.3402,99.0752,73.0,22,45,2,4,41.61,40.1,Cloudy
2026-05-04 09:00:00,LOC_004,Jl. Merdeka,2.3402,99.0752,114.0,38,61,3,12,31.26,64.31,Foggy
2026-05-04 09:15:00,LOC_003,Jl. Gatot Subroto,2.3375,99.0729,115.0,28,71,6,10,32.51,69.32,Clear
2026-05-04 09:30:00,LOC_004,Jl. Merdeka,2.3402,99.0752,113.0,29,71,5,8,31.98,58.22,Rainy
2026-05-04 09:45:00,LOC_002,Jl. Sudirman,2.3348,99.0701,148.0,37,79,5,27,25.2,74.14,Foggy
2026-05-04 10:00:00,LOC_002,Jl. Sudirman,2.3348,99.0701,87.0,22,53,4,8,30.98,50.47,Rainy
2026-05-04 10:15:00,LOC_003,Jl. Gatot Subroto,2.3375,99.0729,98.0,33,57,2,6,32.08,53.6,Rainy
2026-05-04 10:30:00,LOC_003,Jl. Gatot Subroto,2.3375,99.0729,88.0,29,44,3,12,39.65,50.21,Rainy
2026-05-04 10:45:00,LOC_005,Jl. Ahmad Yani,2.3429,99.0788,92.0,31,57,3,1,31.19,54.5,Clear
2026-05-04 11:00:00,LOC_005,Jl. Ahmad Yani,2.3429,99.0788,99.0,30,60,5,4,29.93,65.53,Cloudy
2026-05-04 11:15:00,LOC_001,Jl. Sisingamangaraja,2.3321,99.0654,106.0,32,63,5,6,35.8,50.88,Cloudy
2026-05-04 11:30:00,LOC_004,Jl. Merdeka,2.3402,99.0752,79.0,24,45,4,6,,51.28,Foggy
2026-05-04 11:45:00,LOC_005,Jl. Ahmad Yani,2.3429,99.0788,114.0,35,65,2,12,30.53,56.73,Cloudy
2026-05-04 12:00:00,LOC_004,Jl. Merdeka,2.3402,99.0752,75.0,20,39,4,12,40.1,40.57,Foggy
2026-05-04 12:15:00,LOC_004,Jl. Merdeka,2.3402,99.0752,,14,24,1,8,53.58,18.82,Clear
2026-05-04 12:30:00,LOC_001,Jl. Sisingamangaraja,2.3321,99.0654,138.0,42,85,5,6,19.49,78.55,Rainy
2026-05-04 12:45:00,LOC_002,Jl. Sudirman,2.3348,99.0701,108.0,27,60,4,17,30.72,56.02,Foggy
2026-05-04 13:00:00,LOC_002,Jl. Sudirman,2.3348,99.0701,132.0,42,75,7,8,24.09,71.34,Rainy
2026-05-04 13:15:00,LOC_005,Jl. Ahmad Yani,2.3429,99.0788,119.0,34,66,4,15,28.32,68.65,Rainy
2026-05-04 13:30:00,LOC_004,Jl. Merdeka,2.3402,99.0752,71.0,24,44,3,0,42.83,40.17,Rainy
2026-05-04 13:45:00,LOC_004,Jl. Merdeka,2.3402,99.0752,82.0,21,49,2,10,27.89,41.96,Rainy
2026-05-04 14:00:00,LOC_003,Jl. Gatot Subroto,2.3375,99.0729,267.0,78,137,6,46,8.74,93.21,Foggy
2026-05-04 14:15:00,LOC_003,Jl. Gatot Subroto,2.3375,99.0729,85.0,27,51,2,5,35.36,47.32,Rainy
2026-05-04 14:30:00,LOC_003,Jl. Gatot Subroto,2.3375,99.0729,81.0,27,47,3,4,42.68,45.29,Cloudy
2026-05-04 14:45:00,LOC_001,Jl. Sisingamangaraja,2.3321,99.0654,90.0,22,46,3,19,38.99,40.59,Cloudy
2026-05-04 15:00:00,LOC_003,Jl. Gatot Subroto,2.3375,99.0729,63.0,19,32,2,10,49.62,39.28,Clear
2026-05-04 15:15:00,LOC_005,Jl. Ahmad Yani,2.3429,99.0788,104.0,33,65,3,3,31.23,62.37,Cloudy
2026-05-04 15:30:00,LOC_002,Jl. Sudirman,2.3348,99.0701,318.0,109,198,16,0,7.82,97.88,Cloudy
2026-05-04 15:45:00,LOC_004,Jl. Merdeka,2.3402,99.0752,66.0,18,38,2,8,44.63,42.3,Rainy
2026-05-04 16:00:00,LOC_005,Jl. Ahmad Yani,2.3429,99.0788,178.0,47,100,9,22,10.86,94.07,Rainy
2026-05-04 16:15:00,LOC_001,Jl. Sisingamangaraja,2.3321,99.0654,174.0,54,87,7,26,16.25,95.62,Cloudy
2026-05-04 16:30:00,LOC_003,Jl. Gatot Subroto,2.3375,99.0729,112.0,34,67,3,8,30.78,71.68,Cloudy
2026-05-04 16:45:00,LOC_003,Jl. Gatot Subroto,2.3375,99.0729,126.0,37,65,2,22,32.69,70.03,Cloudy
2026-05-04 17:00:00,LOC_003,Jl. Gatot Subroto,2.3375,99.0729,120.0,34,60,3,23,34.56,57.65,Clear
2026-05-04 17:15:00,LOC_005,Jl. Ahmad Yani,2.3429,99.0788,156.0,40,99,9,8,25.79,85.0,Cloudy
2026-05-04 17:30:00,LOC_003,Jl. Gatot Subroto,2.3375,99.0729,140.0,39,90,8,3,31.48,70.08,Clear
2026-05-04 17:45:00,LOC_001,Jl. Sisingamangaraja,2.3321,99.0654,,59,107,5,24,15.18,100.0,Rainy
2026-05-04 18:00:00,LOC_002,Jl. Sudirman,2.3348,99.0701,173.0,48,97,5,23,17.75,89.8,Foggy
2026-05-04 18:15:00,LOC_001,Jl. Sisingamangaraja,2.3321,99.0654,160.0,48,103,5,4,20.71,90.09,Clear
2026-05-04 18:30:00,LOC_005,Jl. Ahmad Yani,2.3429,99.0788,216.0,62,123,12,19,,100.0,Rainy
2026-05-04 18:45:00,LOC_004,Jl. Merdeka,2.3402,99.0752,134.0,41,78,3,12,23.64,73.91,Foggy
2026-05-04 19:00:00,LOC_004,Jl. Merdeka,2.3402,99.0752,166.0,57,88,9,12,9.49,93.55,Rainy
2026-05-04 19:15:00,LOC_002,Jl. Sudirman,2.3348,99.0701,165.0,43,104,8,10,24.83,89.95,Clear
2026-05-04 19:30:00,LOC_003,Jl. Gatot Subroto,2.3375,99.0729,152.0,40,97,5,10,19.52,,Foggy
2026-05-04 19:45:00,LOC_001,Jl. Sisingamangaraja,2.3321,99.0654,175.0,54,110,6,5,17.63,93.95,Clear
2026-05-04 20:00:00,LOC_004,Jl. Merdeka,2.3402,99.0752,61.0,18,35,2,6,49.25,39.86,Foggy
2026-05-04 20:15:00,LOC_001,Jl. Sisingamangaraja,2.3321,99.0654,90.0,27,55,5,3,41.71,49.24,Clear
2026-05-04 20:30:00,LOC_002,Jl. Sudirman,2.3348,99.0701,81.0,27,50,1,3,46.29,44.32,Cloudy
2026-05-04 20:45:00,LOC_005,Jl. Ahmad Yani,2.3429,99.0788,118.0,36,68,6,8,27.43,63.61,Rainy
2026-05-04 21:00:00,LOC_001,Jl. Sisingamangaraja,2.3321,99.0654,113.0,29,68,3,13,37.54,68.5,Cloudy
2026-05-04 21:15:00,LOC_001,Jl. Sisingamangaraja,2.3321,99.0654,102.0,27,55,5,15,37.31,59.23,Foggy
2026-05-04 21:30:00,LOC_005,Jl. Ahmad Yani,2.3429,99.0788,97.0,25,59,4,9,39.81,57.37,Cloudy
2026-05-04 21:45:00,LOC_005,Jl. Ahmad Yani,2.3429,99.0788,111.0,37,68,4,2,31.14,57.26,Foggy
2026-05-04 22:00:00,LOC_004,Jl. Merdeka,2.3402,99.0752,32.0,8,17,1,6,48.02,18.31,Foggy
2026-05-04 22:15:00,LOC_003,Jl. Gatot Subroto,2.3375,99.0729,38.0,9,24,2,3,41.93,22.18,Foggy
2026-05-04 22:30:00,LOC_003,Jl. Gatot Subroto,2.3375,99.0729,35.0,11,21,0,3,52.98,18.64,Clear
2026-05-04 22:45:00,LOC_005,Jl. Ahmad Yani,2.3429,99.0788,33.0,9,17,1,6,60.07,17.36,Clear
2026-05-04 23:00:00,LOC_002,Jl. Sudirman,2.3348,99.0701,38.0,11,20,2,5,44.48,12.85,Cloudy
2026-05-04 23:15:00,LOC_003,Jl. Gatot Subroto,2.3375,99.0729,49.0,12,29,2,6,40.67,28.14,Clear
2026-05-04 23:30:00,LOC_002,Jl. Sudirman,2.3348,99.0701,63.0,20,32,1,10,51.21,39.22,Cloudy
2026-05-04 23:45:00,LOC_002,Jl. Sudirman,2.3348,99.0701,46.0,14,28,1,3,,23.01,Clear
2026-05-05 00:00:00,LOC_002,Jl. Sudirman,2.3348,99.0701,39.0,10,21,1,7,48.17,18.54,Clear
2026-05-05 00:15:00,LOC_004,Jl. Merdeka,2.3402,99.0752,34.0,10,18,0,6,53.8,14.55,Foggy
2026-05-05 00:30:00,LOC_005,Jl. Ahmad Yani,2.3429,99.0788,40.0,11,22,2,5,47.79,27.36,Foggy
2026-05-05 00:45:00,LOC_003,Jl. Gatot Subroto,2.3375,99.0729,27.0,7,17,1,2,59.81,14.48,Clear
2026-05-05 01:00:00,LOC_002,Jl. Sudirman,2.3348,99.0701,53.0,15,30,2,6,41.42,32.06,Rainy
2026-05-05 01:15:00,LOC_003,Jl. Gatot Subroto,2.3375,99.0729,30.0,10,17,1,2,51.85,17.65,Foggy
2026-05-05 01:30:00,LOC_001,Jl. Sisingamangaraja,2.3321,99.0654,42.0,13,25,0,4,50.24,25.37,Cloudy
2026-05-05 01:45:00,LOC_003,Jl. Gatot Subroto,2.3375,99.0729,35.0,10,20,1,4,51.05,13.34,Cloudy
2026-05-05 02:00:00,LOC_004,Jl. Merdeka,2.3402,99.0752,23.0,6,14,1,2,58.66,10.79,Clear
2026-05-05 02:15:00,LOC_005,Jl. Ahmad Yani,2.3429,99.0788,50.0,14,29,2,5,52.18,22.42,Cloudy
2026-05-05 02:30:00,LOC_002,Jl. Sudirman,2.3348,99.0701,31.0,9,16,1,5,52.52,22.6,Rainy
2026-05-05 02:45:00,LOC_002,Jl. Sudirman,2.3348,99.0701,23.0,7,12,0,4,57.94,15.79,
2026-05-05 03:00:00,LOC_001,Jl. Sisingamangaraja,2.3321,99.0654,43.0,12,22,1,8,50.6,16.26,Cloudy
2026-05-05 03:15:00,LOC_003,Jl. Gatot Subroto,2.3375,99.0729,30.0,7,15,1,7,39.25,15.71,Rainy
2026-05-05 03:30:00,LOC_004,Jl. Merdeka,2.3402,99.0752,58.0,17,29,3,9,53.64,42.31,Clear
2026-05-05 03:45:00,LOC_004,Jl. Merdeka,2.3402,99.0752,40.0,13,21,2,4,48.75,22.32,Rainy
2026-05-05 04:00:00,LOC_004,Jl. Merdeka,2.3402,99.0752,45.0,12,23,0,10,48.12,29.9,Rainy
2026-05-05 04:15:00,LOC_005,Jl. Ahmad Yani,2.3429,99.0788,39.0,11,22,1,5,49.91,,
2026-05-05 04:30:00,LOC_004,Jl. Merdeka,2.3402,99.0752,32.0,9,19,1,3,57.98,15.8,Clear
2026-05-05 04:45:00,LOC_005,Jl. Ahmad Yani,2.3429,99.0788,40.0,10,21,1,8,54.3,30.53,Clear
2026-05-05 05:00:00,LOC_004,Jl. Merdeka,2.3402,99.0752,75.0,19,48,2,6,39.17,38.36,Rainy
2026-05-05 05:15:00,LOC_005,Jl. Ahmad Yani,2.3429,99.0788,99.0,30,51,5,13,27.8,56.23,Rainy
2026-05-05 05:30:00,LOC_001,Jl. Sisingamangaraja,2.3321,99.0654,100.0,31,55,3,11,44.56,58.75,Clear
2026-05-05 05:45:00,LOC_002,Jl. Sudirman,2.3348,99.0701,77.0,22,41,4,10,44.47,43.54,Clear
2026-05-05 06:00:00,LOC_003,Jl. Gatot Subroto,2.3375,99.0729,101.0,34,52,4,11,48.11,56.13,Clear
2026-05-05 06:15:00,LOC_002,Jl. Sudirman,2.3348,99.0701,127.0,32,76,3,16,26.53,77.42,Foggy
2026-05-05 06:30:00,LOC_005,Jl. Ahmad Yani,2.3429,99.0788,129.0,34,65,4,26,32.88,73.91,Foggy
2026-05-05 06:45:00,LOC_003,Jl. Gatot Subroto,2.3375,99.0729,122.0,42,65,3,12,25.11,70.09,Cloudy
2026-05-05 07:00:00,LOC_005,Jl. Ahmad Yani,2.3429,99.0788,180.0,56,91,10,23,8.55,100.0,Foggy
2026-05-05 07:15:00,LOC_004,Jl. Merdeka,2.3402,99.0752,,30,56,5,0,44.45,49.54,Clear
2026-05-05 07:30:00,LOC_004,Jl. Merdeka,2.3402,99.0752,112.0,36,64,3,9,30.95,69.18,Rainy
2026-05-05 07:45:00,LOC_004,Jl. Merdeka,2.3402,99.0752,134.0,41,70,6,17,22.25,74.44,Rainy
2026-05-05 08:00:00,LOC_003,Jl. Gatot Subroto,2.3375,99.0729,96.0,32,52,4,8,43.42,52.56,Clear
2026-05-05 08:15:00,LOC_002,Jl. Sudirman,2.3348,99.0701,,44,75,6,24,18.32,79.54,Rainy
2026-05-05 08:30:00,LOC_004,Jl. Merdeka,2.3402,99.0752,119.0,30,77,6,6,28.53,59.39,Foggy
2026-05-05 08:45:00,LOC_003,Jl. Gatot Subroto,2.3375,99.0729,109.0,37,66,6,0,24.28,65.59,
2026-05-05 09:00:00,LOC_005,Jl. Ahmad Yani,2.3429,99.0788,127.0,36,74,5,12,36.41,67.01,Clear
2026-05-05 09:15:00,LOC_004,Jl. Merdeka,2.3402,99.0752,88.0,22,56,3,7,41.37,52.32,Clear
2026-05-05 09:30:00,LOC_003,Jl. Gatot Subroto,2.3375,99.0729,141.0,43,79,5,14,24.09,74.31,Rainy
2026-05-05 09:45:00,LOC_003,Jl. Gatot Subroto,2.3375,99.0729,123.0,41,68,7,7,33.49,72.94,Clear
2026-05-05 10:00:00,LOC_004,Jl. Merdeka,2.3402,99.0752,58.0,15,33,2,8,56.54,29.47,Clear
2026-05-05 10:15:00,LOC_005,Jl. Ahmad Yani,2.3429,99.0788,85.0,23,53,1,8,27.33,48.22,Foggy
2026-05-05 10:30:00,LOC_004,Jl. Merdeka,2.3402,99.0752,65.0,20,35,3,7,50.37,31.35,Clear
2026-05-05 10:45:00,LOC_002,Jl. Sudirman,2.3348,99.0701,105.0,31,66,3,5,28.73,57.93,Rainy
2026-05-05 11:00:00,LOC_005,Jl. Ahmad Yani,2.3429,99.0788,121.0,35,60,4,22,26.8,63.56,Foggy
2026-05-05 11:15:00,LOC_004,Jl. Merdeka,2.3402,99.0752,59.0,16,32,1,10,52.97,27.03,Clear
2026-05-05 11:30:00,LOC_002,Jl. Sudirman,2.3348,99.0701,127.0,35,71,4,17,27.1,74.87,Rainy
2026-05-05 11:45:00,LOC_005,Jl. Ahmad Yani,2.3429,99.0788,114.0,32,60,6,16,31.11,70.45,Cloudy
2026-05-05 12:00:00,LOC_003,Jl. Gatot Subroto,2.3375,99.0729,117.0,35,59,5,18,33.67,67.4,Foggy
2026-05-05 12:15:00,LOC_004,Jl. Merdeka,2.3402,99.0752,65.0,22,38,1,4,51.35,28.6,Clear
2026-05-05 12:30:00,LOC_001,Jl. Sisingamangaraja,2.3321,99.0654,132.0,34,81,5,12,25.01,,Cloudy
2026-05-05 12:45:00,LOC_002,Jl. Sudirman,2.3348,99.0701,248.0,84,142,12,10,11.37,93.84,Rainy
2026-05-05 13:00:00,LOC_005,Jl. Ahmad Yani,2.3429,99.0788,227.0,59,126,10,32,11.42,93.63,Clear
2026-05-05 13:15:00,LOC_005,Jl. Ahmad Yani,2.3429,99.0788,262.0,68,137,6,51,11.71,99.15,Foggy
2026-05-05 13:30:00,LOC_001,Jl. Sisingamangaraja,2.3321,99.0654,125.0,37,80,4,4,37.45,71.72,Cloudy
2026-05-05 13:45:00,LOC_001,Jl. Sisingamangaraja,2.3321,99.0654,124.0,35,75,2,12,,67.1,Foggy
2026-05-05 14:00:00,LOC_001,Jl. Sisingamangaraja,2.3321,99.0654,,38,64,2,6,36.8,70.21,Cloudy
2026-05-05 14:15:00,LOC_004,Jl. Merdeka,2.3402,99.0752,75.0,20,47,3,5,29.64,47.15,Rainy
2026-05-05 14:30:00,LOC_005,Jl. Ahmad Yani,2.3429,99.0788,100.0,33,54,4,9,28.55,52.31,Rainy
2026-05-05 14:45:00,LOC_004,Jl. Merdeka,2.3402,99.0752,78.0,23,46,4,5,38.02,44.05,Foggy
2026-05-05 15:00:00,LOC_004,Jl. Merdeka,2.3402,99.0752,41.0,11,22,1,7,53.38,28.87,Cloudy
2026-05-05 15:15:00,LOC_004,Jl. Merdeka,2.3402,99.0752,52.0,13,29,2,8,46.86,20.35,Cloudy
2026-05-05 15:30:00,LOC_004,Jl. Merdeka,2.3402,99.0752,49.0,14,24,2,9,54.69,34.16,Cloudy
2026-05-05 15:45:00,LOC_005,Jl. Ahmad Yani,2.3429,99.0788,103.0,27,61,3,12,34.6,58.52,Cloudy
2026-05-05 16:00:00,LOC_001,Jl. Sisingamangaraja,2.3321,99.0654,202.0,70,114,4,14,5.0,100.0,Rainy
2026-05-05 16:15:00,LOC_004,Jl. Merdeka,2.3402,99.0752,135.0,35,87,4,9,26.81,80.18,Rainy
2026-05-05 16:30:00,LOC_005,Jl. Ahmad Yani,2.3429,99.0788,,46,94,4,25,11.03,85.15,Rainy
2026-05-05 16:45:00,LOC_001,Jl. Sisingamangaraja,2.3321,99.0654,212.0,66,115,12,19,5.0,100.0,Rainy
2026-05-05 17:00:00,LOC_003,Jl. Gatot Subroto,2.3375,99.0729,138.0,43,81,6,8,23.41,82.62,Foggy
2026-05-05 17:15:00,LOC_002,Jl. Sudirman,2.3348,99.0701,177.0,49,104,5,19,18.82,99.69,Foggy
2026-05-05 17:30:00,LOC_005,Jl. Ahmad Yani,2.3429,99.0788,182.0,56,96,8,22,14.86,96.79,Foggy
2026-05-05 17:45:00,LOC_003,Jl. Gatot Subroto,2.3375,99.0729,347.0,116,208,15,8,7.76,94.82,Rainy
2026-05-05 18:00:00,LOC_005,Jl. Ahmad Yani,2.3429,99.0788,189.0,59,99,11,20,10.41,100.0,Foggy
2026-05-05 18:15:00,LOC_004,Jl. Merdeka,2.3402,99.0752,133.0,45,81,4,3,22.0,65.86,Rainy
2026-05-05 18:30:00,LOC_002,Jl. Sudirman,2.3348,99.0701,172.0,47,102,8,15,24.53,97.35,Cloudy
2026-05-05 18:45:00,LOC_005,Jl. Ahmad Yani,2.3429,99.0788,182.0,50,91,5,36,9.84,96.95,Foggy
2026-05-05 19:00:00,LOC_002,Jl. Sudirman,2.3348,99.0701,164.0,50,100,7,7,15.14,93.15,Foggy
2026-05-05 19:15:00,LOC_001,Jl. Sisingamangaraja,2.3321,99.0654,219.0,75,136,9,0,5.0,100.0,Rainy
2026-05-05 19:30:00,LOC_004,Jl. Merdeka,2.3402,99.0752,134.0,34,77,4,19,29.05,75.21,Foggy
2026-05-05 19:45:00,LOC_004,Jl. Merdeka,2.3402,99.0752,122.0,33,70,4,15,32.72,71.39,Cloudy
2026-05-05 20:00:00,LOC_004,Jl. Merdeka,2.3402,99.0752,57.0,15,33,2,7,56.56,23.59,Clear
2026-05-05 20:15:00,LOC_002,Jl. Sudirman,2.3348,99.0701,,25,44,1,5,36.05,45.96,Rainy
2026-05-05 20:30:00,LOC_001,Jl. Sisingamangaraja,2.3321,99.0654,104.0,31,56,2,15,32.82,61.74,Foggy
2026-05-05 20:45:00,LOC_001,Jl. Sisingamangaraja,2.3321,99.0654,109.0,35,56,3,15,26.72,64.62,Foggy
2026-05-05 21:00:00,LOC_001,Jl. Sisingamangaraja,2.3321,99.0654,96.0,25,49,4,18,36.88,54.01,Cloudy
2026-05-05 21:15:00,LOC_004,Jl. Merdeka,2.3402,99.0752,64.0,16,38,2,8,41.66,31.43,Cloudy
2026-05-05 21:30:00,LOC_001,Jl. Sisingamangaraja,2.3321,99.0654,144.0,41,79,7,17,27.98,76.66,Foggy
2026-05-05 21:45:00,LOC_003,Jl. Gatot Subroto,2.3375,99.0729,99.0,34,63,3,0,32.59,43.9,Rainy
2026-05-05 22:00:00,LOC_005,Jl. Ahmad Yani,2.3429,99.0788,46.0,13,26,1,6,44.09,27.64,Foggy
2026-05-05 22:15:00,LOC_001,Jl. Sisingamangaraja,2.3321,99.0654,,23,43,3,0,47.98,32.68,Rainy
2026-05-05 22:30:00,LOC_005,Jl. Ahmad Yani,2.3429,99.0788,54.0,17,28,1,8,41.79,30.56,Foggy
2026-05-05 22:45:00,LOC_003,Jl. Gatot Subroto,2.3375,99.0729,61.0,15,31,1,14,40.91,27.6,Foggy
2026-05-05 23:00:00,LOC_005,Jl. Ahmad Yani,2.3429,99.0788,39.0,12,22,1,4,54.02,20.94,Clear
2026-05-05 23:15:00,LOC_005,Jl. Ahmad Yani,2.3429,99.0788,35.0,9,18,2,6,60.34,29.89,Clear
2026-05-05 23:30:00,LOC_002,Jl. Sudirman,2.3348,99.0701,30.0,9,17,1,3,41.98,16.67,Rainy
2026-05-05 23:45:00,LOC_002,Jl. Sudirman,2.3348,99.0701,24.0,8,13,1,2,54.94,13.76,Clear
2026-05-06 00:00:00,LOC_004,Jl. Merdeka,2.3402,99.0752,18.0,4,9,0,5,61.52,7.64,Clear
2026-05-06 00:15:00,LOC_001,Jl. Sisingamangaraja,2.3321,99.0654,39.0,10,24,1,4,48.05,21.42,Foggy
2026-05-06 00:30:00,LOC_002,Jl. Sudirman,2.3348,99.0701,81.0,25,48,2,6,32.3,51.22,Rainy
2026-05-06 00:45:00,LOC_001,Jl. Sisingamangaraja,2.3321,99.0654,49.0,16,30,1,2,57.14,24.09,Clear
2026-05-06 01:00:00,LOC_003,Jl. Gatot Subroto,2.3375,99.0729,,6,11,0,2,59.44,9.63,Clear
2026-05-06 01:15:00,LOC_003,Jl. Gatot Subroto,2.3375,99.0729,35.0,11,21,0,3,51.64,8.21,Rainy
2026-05-06 01:30:00,LOC_003,Jl. Gatot Subroto,2.3375,99.0729,32.0,10,17,1,4,51.85,12.39,Foggy
2026-05-06 01:45:00,LOC_002,Jl. Sudirman,2.3348,99.0701,33.0,9,18,0,6,51.33,7.31,Cloudy
2026-05-06 02:00:00,LOC_005,Jl. Ahmad Yani,2.3429,99.0788,59.0,14,35,1,9,49.35,,Foggy
2026-05-06 02:15:00,LOC_005,Jl. Ahmad Yani,2.3429,99.0788,69.0,22,34,3,10,41.81,38.74,Cloudy
2026-05-06 02:30:00,LOC_002,Jl. Sudirman,2.3348,99.0701,47.0,15,29,2,1,56.07,20.39,Cloudy
2026-05-06 02:45:00,LOC_001,Jl. Sisingamangaraja,2.3321,99.0654,55.0,17,33,2,3,43.48,28.16,Foggy
2026-05-06 03:00:00,LOC_005,Jl. Ahmad Yani,2.3429,99.0788,48.0,15,30,2,1,51.85,30.59,Cloudy
2026-05-06 03:15:00,LOC_004,Jl. Merdeka,2.3402,99.0752,35.0,10,20,0,5,60.49,18.35,Cloudy
2026-05-06 03:30:00,LOC_002,Jl. Sudirman,2.3348,99.0701,35.0,9,19,1,6,47.64,23.7,Foggy
2026-05-06 03:45:00,LOC_003,Jl. Gatot Subroto,2.3375,99.0729,,10,21,0,7,45.87,28.71,Foggy
2026-05-06 04:00:00,LOC_003,Jl. Gatot Subroto,2.3375,99.0729,41.0,11,25,1,4,58.87,23.27,Clear
2026-05-06 04:15:00,LOC_004,Jl. Merdeka,2.3402,99.0752,36.0,10,21,1,4,50.39,15.26,Rainy
2026-05-06 04:30:00,LOC_005,Jl. Ahmad Yani,2.3429,99.0788,50.0,15,26,2,7,44.03,31.34,Cloudy
2026-05-06 04:45:00,LOC_001,Jl. Sisingamangaraja,2.3321,99.0654,63.0,16,33,3,11,39.22,25.19,Foggy
2026-05-06 05:00:00,LOC_003,Jl. Gatot Subroto,2.3375,99.0729,91.0,28,46,2,15,27.99,53.91,Rainy
2026-05-06 05:15:00,LOC_004,Jl. Merdeka,2.3402,99.0752,71.0,23,46,3,0,41.13,31.77,Rainy
2026-05-06 05:30:00,LOC_004,Jl. Merdeka,2.3402,99.0752,84.0,29,52,2,1,38.45,46.18,Rainy
2026-05-06 05:45:00,LOC_002,Jl. Sudirman,2.3348,99.0701,85.0,21,44,2,18,39.09,54.38,Foggy
2026-05-06 06:00:00,LOC_004,Jl. Merdeka,2.3402,99.0752,108.0,27,57,5,19,,66.67,Clear
2026-05-06 06:15:00,LOC_002,Jl. Sudirman,2.3348,99.0701,154.0,51,77,6,20,28.55,90.67,Foggy
2026-05-06 06:30:00,LOC_005,Jl. Ahmad Yani,2.3429,99.0788,172.0,60,100,8,4,18.18,100.0,Rainy
2026-05-06 06:45:00,LOC_005,Jl. Ahmad Yani,2.3429,99.0788,164.0,44,91,7,22,17.47,80.61,Rainy
2026-05-06 07:00:00,LOC_003,Jl. Gatot Subroto,2.3375,99.0729,119.0,30,70,4,15,38.79,72.06,Clear
2026-05-06 07:15:00,LOC_004,Jl. Merdeka,2.3402,99.0752,134.0,46,74,3,11,31.35,74.46,Rainy
2026-05-06 07:30:00,LOC_001,Jl. Sisingamangaraja,2.3321,99.0654,164.0,43,88,7,26,29.37,85.08,Clear
2026-05-06 07:45:00,LOC_005,Jl. Ahmad Yani,2.3429,99.0788,160.0,47,96,7,10,17.66,90.6,Foggy
2026-05-06 08:00:00,LOC_003,Jl. Gatot Subroto,2.3375,99.0729,136.0,44,85,7,0,31.42,70.65,Cloudy
2026-05-06 08:15:00,LOC_005,Jl. Ahmad Yani,2.3429,99.0788,206.0,54,115,8,29,7.05,100.0,Rainy
2026-05-06 08:30:00,LOC_002,Jl. Sudirman,2.3348,99.0701,155.0,39,85,3,28,29.54,82.07,Cloudy
2026-05-06 08:45:00,LOC_005,Jl. Ahmad Yani,2.3429,99.0788,168.0,56,99,9,4,10.48,96.45,Rainy
2026-05-06 09:00:00,LOC_002,Jl. Sudirman,2.3348,99.0701,135.0,44,73,8,10,28.03,76.44,Clear
2026-05-06 09:15:00,LOC_001,Jl. Sisingamangaraja,2.3321,99.0654,190.0,63,108,4,15,7.43,100.0,Rainy
2026-05-06 09:30:00,LOC_004,Jl. Merdeka,2.3402,99.0752,93.0,25,47,2,19,38.76,43.02,Clear
2026-05-06 09:45:00,LOC_005,Jl. Ahmad Yani,2.3429,99.0788,167.0,44,86,4,33,15.0,95.17,Rainy
2026-05-06 10:00:00,LOC_002,Jl. Sudirman,2.3348,99.0701,90.0,25,49,2,14,,48.09,Clear
2026-05-06 10:15:00,LOC_003,Jl. Gatot Subroto,2.3375,99.0729,80.0,25,44,1,10,39.38,41.66,Rainy
2026-05-06 10:30:00,LOC_004,Jl. Merdeka,2.3402,99.0752,58.0,15,36,1,6,43.79,22.63,Cloudy
2026-05-06 10:45:00,LOC_002,Jl. Sudirman,2.3348,99.0701,82.0,27,47,2,6,,59.02,Cloudy
2026-05-06 11:00:00,LOC_005,Jl. Ahmad Yani,2.3429,99.0788,131.0,39,70,3,19,20.23,63.35,Rainy
2026-05-06 11:15:00,LOC_005,Jl. Ahmad Yani,2.3429,99.0788,122.0,31,76,4,11,33.46,66.17,Rainy
2026-05-06 11:30:00,LOC_002,Jl. Sudirman,2.3348,99.0701,277.0,71,138,8,60,8.34,95.38,Rainy
2026-05-06 11:45:00,LOC_004,Jl. Merdeka,2.3402,99.0752,91.0,30,59,3,0,34.05,43.53,Rainy
2026-05-06 12:00:00,LOC_003,Jl. Gatot Subroto,2.3375,99.0729,83.0,27,47,2,7,51.07,44.75,Clear
2026-05-06 12:15:00,LOC_004,Jl. Merdeka,2.3402,99.0752,84.0,24,46,4,10,43.03,45.17,Clear
2026-05-06 12:30:00,LOC_002,Jl. Sudirman,2.3348,99.0701,123.0,38,70,3,12,37.75,57.85,Cloudy
2026-05-06 12:45:00,LOC_004,Jl. Merdeka,2.3402,99.0752,100.0,26,59,4,11,29.64,51.37,
2026-05-06 13:00:00,LOC_001,Jl. Sisingamangaraja,2.3321,99.0654,123.0,34,76,7,6,26.09,68.67,Foggy
2026-05-06 13:15:00,LOC_001,Jl. Sisingamangaraja,2.3321,99.0654,147.0,42,76,7,22,17.38,80.51,Rainy
2026-05-06 13:30:00,LOC_005,Jl. Ahmad Yani,2.3429,99.0788,116.0,31,71,5,9,36.78,61.03,Clear
2026-05-06 13:45:00,LOC_004,Jl. Merdeka,2.3402,99.0752,81.0,22,51,2,6,38.89,51.14,Rainy
2026-05-06 14:00:00,LOC_003,Jl. Gatot Subroto,2.3375,99.0729,72.0,20,40,1,11,42.83,44.15,Foggy
2026-05-06 14:15:00,LOC_003,Jl. Gatot Subroto,2.3375,99.0729,69.0,19,34,1,15,48.92,37.4,Clear
2026-05-06 14:30:00,LOC_002,Jl. Sudirman,2.3348,99.0701,65.0,17,39,2,7,34.27,45.81,Foggy
2026-05-06 14:45:00,LOC_001,Jl. Sisingamangaraja,2.3321,99.0654,101.0,33,65,3,0,30.21,58.03,
2026-05-06 15:00:00,LOC_005,Jl. Ahmad Yani,2.3429,99.0788,90.0,30,53,3,4,30.98,46.75,Cloudy
2026-05-06 15:15:00,LOC_001,Jl. Sisingamangaraja,2.3321,99.0654,109.0,33,55,4,17,30.6,61.99,Foggy
2026-05-06 15:30:00,LOC_003,Jl. Gatot Subroto,2.3375,99.0729,79.0,20,42,3,14,37.55,45.13,Foggy
2026-05-06 15:45:00,LOC_001,Jl. Sisingamangaraja,2.3321,99.0654,89.0,23,48,3,15,37.95,,Cloudy
2026-05-06 16:00:00,LOC_001,Jl. Sisingamangaraja,2.3321,99.0654,164.0,44,101,7,12,25.43,94.83,Clear
2026-05-06 16:15:00,LOC_003,Jl. Gatot Subroto,2.3375,99.0729,146.0,37,81,3,25,22.89,87.59,Foggy
2026-05-06 16:30:00,LOC_001,Jl. Sisingamangaraja,2.3321,99.0654,162.0,40,89,9,24,27.48,92.53,Clear
2026-05-06 16:45:00,LOC_002,Jl. Sudirman,2.3348,99.0701,153.0,47,82,7,17,27.23,82.72,Cloudy
2026-05-06 17:00:00,LOC_004,Jl. Merdeka,2.3402,99.0752,113.0,39,61,2,11,34.57,67.73,Foggy
2026-05-06 17:15:00,LOC_003,Jl. Gatot Subroto,2.3375,99.0729,157.0,54,93,5,5,17.33,86.07,Foggy
2026-05-06 17:30:00,LOC_005,Jl. Ahmad Yani,2.3429,99.0788,,46,77,8,9,25.43,75.44,Cloudy
2026-05-06 17:45:00,LOC_004,Jl. Merdeka,2.3402,99.0752,94.0,24,60,2,8,42.8,46.48,Clear
2026-05-06 18:00:00,LOC_004,Jl. Merdeka,2.3402,99.0752,125.0,37,67,5,16,15.79,73.57,Foggy
2026-05-06 18:15:00,LOC_003,Jl. Gatot Subroto,2.3375,99.0729,135.0,45,79,7,4,27.45,83.74,Clear
2026-05-06 18:30:00,LOC_003,Jl. Gatot Subroto,2.3375,99.0729,143.0,48,90,4,1,25.3,73.92,Cloudy
2026-05-06 18:45:00,LOC_004,Jl. Merdeka,2.3402,99.0752,135.0,36,71,4,24,30.14,73.71,Foggy
2026-05-06 19:00:00,LOC_002,Jl. Sudirman,2.3348,99.0701,184.0,51,106,7,20,8.72,100.0,Rainy
2026-05-06 19:15:00,LOC_001,Jl. Sisingamangaraja,2.3321,99.0654,194.0,51,109,4,30,12.15,100.0,Rainy
2026-05-06 19:30:00,LOC_005,Jl. Ahmad Yani,2.3429,99.0788,206.0,70,123,10,3,5.0,100.0,Rainy
2026-05-06 19:45:00,LOC_001,Jl. Sisingamangaraja,2.3321,99.0654,206.0,59,130,6,11,7.01,100.0,Foggy
2026-05-06 20:00:00,LOC_003,Jl. Gatot Subroto,2.3375,99.0729,59.0,20,30,1,8,56.9,33.52,Cloudy
2026-05-06 20:15:00,LOC_001,Jl. Sisingamangaraja,2.3321,99.0654,101.0,25,61,4,11,29.94,56.5,Foggy
2026-05-06 20:30:00,LOC_001,Jl. Sisingamangaraja,2.3321,99.0654,102.0,35,55,5,7,31.53,56.34,Cloudy
2026-05-06 20:45:00,LOC_005,Jl. Ahmad Yani,2.3429,99.0788,294.0,84,174,8,28,9.62,99.92,Clear
2026-05-06 21:00:00,LOC_001,Jl. Sisingamangaraja,2.3321,99.0654,125.0,38,67,4,16,20.41,71.59,Rainy
2026-05-06 21:15:00,LOC_002,Jl. Sudirman,2.3348,99.0701,89.0,25,50,3,11,37.42,54.64,Cloudy
2026-05-06 21:30:00,LOC_005,Jl. Ahmad Yani,2.3429,99.0788,71.0,19,44,2,6,32.92,41.87,Cloudy
2026-05-06 21:45:00,LOC_001,Jl. Sisingamangaraja,2.3321,99.0654,105.0,31,58,3,13,36.51,60.58,Cloudy
2026-05-06 22:00:00,LOC_005,Jl. Ahmad Yani,2.3429,99.0788,38.0,11,21,1,5,52.64,21.91,Cloudy
2026-05-06 22:15:00,LOC_002,Jl. Sudirman,2.3348,99.0701,50.0,16,29,1,4,40.65,26.74,Rainy
2026-05-06 22:30:00,LOC_002,Jl. Sudirman,2.3348,99.0701,47.0,12,28,1,6,53.88,15.18,Clear
2026-05-06 22:45:00,LOC_003,Jl. Gatot Subroto,2.3375,99.0729,50.0,16,31,2,1,44.01,24.23,Cloudy
2026-05-06 23:00:00,LOC_002,Jl. Sudirman,2.3348,99.0701,46.0,14,25,2,5,42.36,,Rainy
2026-05-06 23:15:00,LOC_002,Jl. Sudirman,2.3348,99.0701,31.0,8,16,1,6,56.88,14.58,Clear
2026-05-06 23:30:00,LOC_001,Jl. Sisingamangaraja,2.3321,99.0654,31.0,10,17,1,3,55.54,18.99,Cloudy
2026-05-06 23:45:00,LOC_001,Jl. Sisingamangaraja,2.3321,99.0654,56.0,19,35,2,0,37.92,39.62,Rainy
2026-05-07 00:00:00,LOC_002,Jl. Sudirman,2.3348,99.0701,52.0,15,31,2,4,50.53,27.4,Rainy
2026-05-07 00:15:00,LOC_001,Jl. Sisingamangaraja,2.3321,99.0654,53.0,16,33,2,2,40.88,23.86,Cloudy
2026-05-07 00:30:00,LOC_003,Jl. Gatot Subroto,2.3375,99.0729,32.0,9,20,1,2,58.24,21.14,Clear
2026-05-07 00:45:00,LOC_002,Jl. Sudirman,2.3348,99.0701,24.0,6,13,0,5,52.62,15.43,Foggy
2026-05-07 01:00:00,LOC_005,Jl. Ahmad Yani,2.3429,99.0788,32.0,10,19,1,2,62.12,24.51,Clear
2026-05-07 01:15:00,LOC_001,Jl. Sisingamangaraja,2.3321,99.0654,48.0,16,25,1,6,53.6,32.02,Foggy
2026-05-07 01:30:00,LOC_004,Jl. Merdeka,2.3402,99.0752,28.0,7,17,1,3,51.45,11.98,Rainy
2026-05-07 01:45:00,LOC_005,Jl. Ahmad Yani,2.3429,99.0788,30.0,8,17,0,5,56.3,10.62,Clear
2026-05-07 02:00:00,LOC_004,Jl. Merdeka,2.3402,99.0752,36.0,10,18,0,8,54.01,14.34,Cloudy
2026-05-07 02:15:00,LOC_005,Jl. Ahmad Yani,2.3429,99.0788,46.0,11,24,2,9,55.46,,Clear
2026-05-07 02:30:00,LOC_005,Jl. Ahmad Yani,2.3429,99.0788,51.0,12,25,2,12,47.21,26.54,Rainy
2026-05-07 02:45:00,LOC_004,Jl. Merdeka,2.3402,99.0752,29.0,7,17,1,4,57.39,15.92,Clear
2026-05-07 03:00:00,LOC_001,Jl. Sisingamangaraja,2.3321,99.0654,33.0,10,21,1,1,,13.24,Foggy
2026-05-07 03:15:00,LOC_004,Jl. Merdeka,2.3402,99.0752,45.0,12,28,1,4,47.35,21.99,Foggy
2026-05-07 03:30:00,LOC_001,Jl. Sisingamangaraja,2.3321,99.0654,59.0,16,31,3,9,46.13,22.85,Foggy
2026-05-07 03:45:00,LOC_004,Jl. Merdeka,2.3402,99.0752,22.0,5,13,0,4,47.87,10.35,Clear
2026-05-07 04:00:00,LOC_001,Jl. Sisingamangaraja,2.3321,99.0654,46.0,12,26,1,7,38.97,28.6,Rainy
2026-05-07 04:15:00,LOC_005,Jl. Ahmad Yani,2.3429,99.0788,53.0,14,27,1,11,44.13,20.69,Cloudy
2026-05-07 04:30:00,LOC_001,Jl. Sisingamangaraja,2.3321,99.0654,45.0,13,22,2,8,51.38,27.63,Cloudy
2026-05-07 04:45:00,LOC_003,Jl. Gatot Subroto,2.3375,99.0729,30.0,10,16,1,3,45.49,12.9,Rainy
2026-05-07 05:00:00,LOC_004,Jl. Merdeka,2.3402,99.0752,57.0,18,34,2,3,40.74,29.79,Rainy
2026-05-07 05:15:00,LOC_004,Jl. Merdeka,2.3402,99.0752,83.0,26,43,2,12,33.46,50.58,Foggy
2026-05-07 05:30:00,LOC_001,Jl. Sisingamangaraja,2.3321,99.0654,105.0,29,66,4,6,46.07,51.76,Clear
2026-05-07 05:45:00,LOC_005,Jl. Ahmad Yani,2.3429,99.0788,,31,62,4,13,33.01,63.3,Cloudy
2026-05-07 06:00:00,LOC_004,Jl. Merdeka,2.3402,99.0752,112.0,34,69,5,4,32.7,65.54,Foggy
2026-05-07 06:15:00,LOC_002,Jl. Sudirman,2.3348,99.0701,138.0,46,74,3,15,28.1,78.92,Foggy
2026-05-07 06:30:00,LOC_003,Jl. Gatot Subroto,2.3375,99.0729,143.0,44,84,6,9,18.54,70.84,Foggy
2026-05-07 06:45:00,LOC_004,Jl. Merdeka,2.3402,99.0752,132.0,43,71,3,15,21.8,77.12,Foggy
2026-05-07 07:00:00,LOC_001,Jl. Sisingamangaraja,2.3321,99.0654,206.0,52,109,5,40,,100.0,Rainy
2026-05-07 07:15:00,LOC_004,Jl. Merdeka,2.3402,99.0752,123.0,39,62,4,18,29.37,68.14,Rainy
2026-05-07 07:30:00,LOC_003,Jl. Gatot Subroto,2.3375,99.0729,134.0,34,67,4,29,15.4,74.82,Rainy
2026-05-07 07:45:00,LOC_002,Jl. Sudirman,2.3348,99.0701,143.0,43,80,3,17,27.28,73.17,Foggy
2026-05-07 08:00:00,LOC_001,Jl. Sisingamangaraja,2.3321,99.0654,154.0,46,90,3,15,,86.54,Clear
2026-05-07 08:15:00,LOC_001,Jl. Sisingamangaraja,2.3321,99.0654,303.0,84,172,17,30,6.59,93.17,Clear
2026-05-07 08:30:00,LOC_004,Jl. Merdeka,2.3402,99.0752,266.0,78,151,5,32,3.18,97.53,Clear
2026-05-07 08:45:00,LOC_003,Jl. Gatot Subroto,2.3375,99.0729,131.0,36,84,2,9,25.73,69.22,Cloudy
2026-05-07 09:00:00,LOC_005,Jl. Ahmad Yani,2.3429,99.0788,150.0,37,88,7,18,33.25,89.16,Clear
2026-05-07 09:15:00,LOC_005,Jl. Ahmad Yani,2.3429,99.0788,155.0,44,90,3,18,19.18,89.34,Rainy
2026-05-07 09:30:00,LOC_001,Jl. Sisingamangaraja,2.3321,99.0654,172.0,56,104,4,8,12.51,89.07,Foggy
2026-05-07 09:45:00,LOC_003,Jl. Gatot Subroto,2.3375,99.0729,119.0,36,59,6,18,29.57,68.88,Foggy
2026-05-07 10:00:00,LOC_001,Jl. Sisingamangaraja,2.3321,99.0654,108.0,31,62,4,11,30.12,53.06,Rainy
2026-05-07 10:15:00,LOC_005,Jl. Ahmad Yani,2.3429,99.0788,99.0,27,50,2,20,37.92,,Rainy
2026-05-07 10:30:00,LOC_003,Jl. Gatot Subroto,2.3375,99.0729,85.0,23,46,3,13,45.1,53.25,Clear
2026-05-07 10:45:00,LOC_005,Jl. Ahmad Yani,2.3429,99.0788,102.0,26,55,4,17,37.37,51.54,Cloudy
2026-05-07 11:00:00,LOC_002,Jl. Sudirman,2.3348,99.0701,123.0,41,75,4,3,32.5,72.06,Foggy
2026-05-07 11:15:00,LOC_002,Jl. Sudirman,2.3348,99.0701,113.0,28,59,3,23,45.09,57.7,Clear
2026-05-07 11:30:00,LOC_003,Jl. Gatot Subroto,2.3375,99.0729,100.0,34,51,2,13,33.67,68.33,Rainy
2026-05-07 11:45:00,LOC_001,Jl. Sisingamangaraja,2.3321,99.0654,134.0,34,77,2,21,24.28,69.92,
2026-05-07 12:00:00,LOC_005,Jl. Ahmad Yani,2.3429,99.0788,88.0,29,52,1,6,41.03,58.74,Cloudy
2026-05-07 12:15:00,LOC_004,Jl. Merdeka,2.3402,99.0752,71.0,19,38,3,11,53.61,42.31,Clear
2026-05-07 12:30:00,LOC_005,Jl. Ahmad Yani,2.3429,99.0788,144.0,38,82,6,18,15.63,69.87,Rainy
2026-05-07 12:45:00,LOC_001,Jl. Sisingamangaraja,2.3321,99.0654,129.0,32,82,4,11,25.64,77.82,Cloudy
2026-05-07 13:00:00,LOC_003,Jl. Gatot Subroto,2.3375,99.0729,93.0,27,57,3,6,40.26,52.76,Rainy
2026-05-07 13:15:00,LOC_003,Jl. Gatot Subroto,2.3375,99.0729,93.0,26,60,2,5,34.06,41.02,Rainy
2026-05-07 13:30:00,LOC_001,Jl. Sisingamangaraja,2.3321,99.0654,285.0,83,153,14,35,5.76,91.52,Cloudy
2026-05-07 13:45:00,LOC_002,Jl. Sudirman,2.3348,99.0701,107.0,31,67,3,6,29.41,69.21,Foggy
2026-05-07 14:00:00,LOC_001,Jl. Sisingamangaraja,2.3321,99.0654,93.0,31,57,4,1,39.46,63.89,Cloudy
2026-05-07 14:15:00,LOC_001,Jl. Sisingamangaraja,2.3321,99.0654,88.0,25,51,2,10,41.88,44.07,Clear
2026-05-07 14:30:00,LOC_005,Jl. Ahmad Yani,2.3429,99.0788,,24,50,3,18,35.34,57.76,Cloudy
2026-05-07 14:45:00,LOC_004,Jl. Merdeka,2.3402,99.0752,72.0,20,42,3,7,37.74,40.39,Foggy
2026-05-07 15:00:00,LOC_004,Jl. Merdeka,2.3402,99.0752,85.0,23,47,2,13,36.31,46.11,Rainy
2026-05-07 15:15:00,LOC_002,Jl. Sudirman,2.3348,99.0701,86.0,22,50,4,10,37.52,55.22,Rainy
2026-05-07 15:30:00,LOC_003,Jl. Gatot Subroto,2.3375,99.0729,114.0,37,71,3,3,26.88,,Rainy
2026-05-07 15:45:00,LOC_005,Jl. Ahmad Yani,2.3429,99.0788,75.0,21,37,3,14,48.98,42.3,Clear
2026-05-07 16:00:00,LOC_001,Jl. Sisingamangaraja,2.3321,99.0654,176.0,60,109,3,4,26.19,94.83,Cloudy
2026-05-07 16:15:00,LOC_002,Jl. Sudirman,2.3348,99.0701,154.0,45,80,7,22,24.3,84.82,Clear
2026-05-07 16:30:00,LOC_001,Jl. Sisingamangaraja,2.3321,99.0654,223.0,60,124,8,31,5.0,100.0,Rainy
2026-05-07 16:45:00,LOC_004,Jl. Merdeka,2.3402,99.0752,138.0,45,76,5,12,26.28,82.17,Foggy
2026-05-07 17:00:00,LOC_004,Jl. Merdeka,2.3402,99.0752,129.0,44,72,5,8,32.13,64.95,Foggy
2026-05-07 17:15:00,LOC_004,Jl. Merdeka,2.3402,99.0752,141.0,43,83,3,12,22.33,75.26,Rainy
2026-05-07 17:30:00,LOC_002,Jl. Sudirman,2.3348,99.0701,145.0,45,77,3,20,35.1,74.47,Clear
2026-05-07 17:45:00,LOC_003,Jl. Gatot Subroto,2.3375,99.0729,142.0,38,74,5,25,22.99,76.09,Foggy
2026-05-07 18:00:00,LOC_001,Jl. Sisingamangaraja,2.3321,99.0654,178.0,59,99,4,16,20.71,95.25,Rainy
2026-05-07 18:15:00,LOC_005,Jl. Ahmad Yani,2.3429,99.0788,176.0,54,89,7,26,15.63,100.0,Foggy
2026-05-07 18:30:00,LOC_005,Jl. Ahmad Yani,2.3429,99.0788,193.0,49,115,11,18,5.0,100.0,Rainy
2026-05-07 18:45:00,LOC_001,Jl. Sisingamangaraja,2.3321,99.0654,189.0,50,96,4,39,14.96,99.7,Cloudy
2026-05-07 19:00:00,LOC_004,Jl. Merdeka,2.3402,99.0752,99.0,31,64,5,0,35.11,53.33,Clear
2026-05-07 19:15:00,LOC_001,Jl. Sisingamangaraja,2.3321,99.0654,167.0,43,97,3,24,24.86,99.71,Cloudy
2026-05-07 19:30:00,LOC_003,Jl. Gatot Subroto,2.3375,99.0729,128.0,32,71,4,21,19.59,71.66,Cloudy
2026-05-07 19:45:00,LOC_002,Jl. Sudirman,2.3348,99.0701,186.0,52,113,6,15,9.19,100.0,Rainy
2026-05-07 20:00:00,LOC_003,Jl. Gatot Subroto,2.3375,99.0729,93.0,28,55,3,7,31.61,47.18,Rainy
2026-05-07 20:15:00,LOC_001,Jl. Sisingamangaraja,2.3321,99.0654,79.0,27,48,2,2,45.43,44.14,Clear
2026-05-07 20:30:00,LOC_004,Jl. Merdeka,2.3402,99.0752,62.0,21,34,1,6,,31.46,Foggy
2026-05-07 20:45:00,LOC_002,Jl. Sudirman,2.3348,99.0701,96.0,28,58,4,6,39.74,55.71,Cloudy
2026-05-07 21:00:00,LOC_004,Jl. Merdeka,2.3402,99.0752,53.0,16,29,1,7,50.45,30.23,Cloudy
2026-05-07 21:15:00,LOC_005,Jl. Ahmad Yani,2.3429,99.0788,106.0,33,55,3,15,28.17,53.02,Rainy
2026-05-07 21:30:00,LOC_001,Jl. Sisingamangaraja,2.3321,99.0654,106.0,30,59,4,13,40.77,52.99,Foggy
2026-05-07 21:45:00,LOC_001,Jl. Sisingamangaraja,2.3321,99.0654,112.0,34,63,4,11,33.72,58.16,Foggy
2026-05-07 22:00:00,LOC_001,Jl. Sisingamangaraja,2.3321,99.0654,54.0,16,33,1,4,44.86,33.07,Foggy
2026-05-07 22:15:00,LOC_001,Jl. Sisingamangaraja,2.3321,99.0654,80.0,25,49,3,3,32.55,44.27,Rainy
2026-05-07 22:30:00,LOC_005,Jl. Ahmad Yani,2.3429,99.0788,42.0,12,24,1,5,42.23,23.32,Foggy
2026-05-07 22:45:00,LOC_005,Jl. Ahmad Yani,2.3429,99.0788,46.0,14,24,0,8,50.06,26.17,Foggy
2026-05-07 23:00:00,LOC_004,Jl. Merdeka,2.3402,99.0752,36.0,11,18,1,6,42.8,22.9,
2026-05-07 23:15:00,LOC_001,Jl. Sisingamangaraja,2.3321,99.0654,24.0,6,15,0,3,53.92,18.7,Foggy
2026-05-07 23:30:00,LOC_001,Jl. Sisingamangaraja,2.3321,99.0654,62.0,18,38,3,3,45.12,35.17,Rainy
2026-05-07 23:45:00,LOC_002,Jl. Sudirman,2.3348,99.0701,55.0,15,28,1,11,41.99,25.22,Foggy
2026-05-08 00:00:00,LOC_003,Jl. Gatot Subroto,2.3375,99.0729,60.0,18,33,1,8,55.33,25.89,Clear
2026-05-08 00:15:00,LOC_004,Jl. Merdeka,2.3402,99.0752,31.0,8,16,1,6,61.52,20.24,Clear
2026-05-08 00:30:00,LOC_002,Jl. Sudirman,2.3348,99.0701,253.0,83,134,7,29,11.78,99.66,Foggy
2026-05-08 00:45:00,LOC_005,Jl. Ahmad Yani,2.3429,99.0788,44.0,12,22,2,8,44.7,20.85,Foggy
2026-05-08 01:00:00,LOC_005,Jl. Ahmad Yani,2.3429,99.0788,67.0,21,35,3,8,48.25,33.19,Clear
2026-05-08 01:15:00,LOC_004,Jl. Merdeka,2.3402,99.0752,17.0,5,9,0,3,52.03,11.42,Rainy
2026-05-08 01:30:00,LOC_003,Jl. Gatot Subroto,2.3375,99.0729,45.0,15,27,1,2,53.69,26.91,Cloudy
2026-05-08 01:45:00,LOC_003,Jl. Gatot Subroto,2.3375,99.0729,26.0,7,15,0,4,47.59,14.68,Cloudy
2026-05-08 02:00:00,LOC_001,Jl. Sisingamangaraja,2.3321,99.0654,70.0,19,42,2,7,43.71,34.72,Clear
2026-05-08 02:15:00,LOC_005,Jl. Ahmad Yani,2.3429,99.0788,36.0,12,22,1,1,54.69,21.33,Cloudy
2026-05-08 02:30:00,LOC_003,Jl. Gatot Subroto,2.3375,99.0729,39.0,11,25,1,2,48.73,21.55,Rainy
2026-05-08 02:45:00,LOC_002,Jl. Sudirman,2.3348,99.0701,33.0,9,17,1,6,54.78,19.4,Cloudy
2026-05-08 03:00:00,LOC_001,Jl. Sisingamangaraja,2.3321,99.0654,59.0,19,37,1,2,45.53,34.44,Cloudy
2026-05-08 03:15:00,LOC_003,Jl. Gatot Subroto,2.3375,99.0729,38.0,10,22,1,5,53.14,32.17,Cloudy
2026-05-08 03:30:00,LOC_002,Jl. Sudirman,2.3348,99.0701,37.0,12,22,0,3,49.84,19.91,Cloudy
2026-05-08 03:45:00,LOC_001,Jl. Sisingamangaraja,2.3321,99.0654,53.0,17,31,2,3,48.18,31.14,Cloudy
2026-05-08 04:00:00,LOC_004,Jl. Merdeka,2.3402,99.0752,46.0,12,27,2,5,50.99,24.54,Foggy
2026-05-08 04:15:00,LOC_005,Jl. Ahmad Yani,2.3429,99.0788,70.0,20,43,1,6,42.21,45.03,Foggy
2026-05-08 04:30:00,LOC_005,Jl. Ahmad Yani,2.3429,99.0788,60.0,18,34,2,6,38.6,35.23,Rainy
2026-05-08 04:45:00,LOC_003,Jl. Gatot Subroto,2.3375,99.0729,41.0,10,24,2,5,56.62,28.06,Cloudy
2026-05-08 05:00:00,LOC_004,Jl. Merdeka,2.3402,99.0752,70.0,18,42,2,8,46.24,39.25,Clear
2026-05-08 05:15:00,LOC_004,Jl. Merdeka,2.3402,99.0752,,19,42,2,8,40.69,40.98,Foggy
2026-05-08 05:30:00,LOC_003,Jl. Gatot Subroto,2.3375,99.0729,81.0,20,42,3,16,42.16,44.7,Rainy
2026-05-08 05:45:00,LOC_005,Jl. Ahmad Yani,2.3429,99.0788,87.0,24,48,3,12,47.3,47.54,Clear
2026-05-08 06:00:00,LOC_003,Jl. Gatot Subroto,2.3375,99.0729,150.0,52,78,4,16,36.73,84.41,Clear
2026-05-08 06:15:00,LOC_003,Jl. Gatot Subroto,2.3375,99.0729,122.0,35,71,4,12,26.01,70.69,Foggy
2026-05-08 06:30:00,LOC_004,Jl. Merdeka,2.3402,99.0752,101.0,29,56,3,13,44.03,56.53,Clear
2026-05-08 06:45:00,LOC_001,Jl. Sisingamangaraja,2.3321,99.0654,209.0,64,114,12,19,7.92,100.0,Rainy
2026-05-08 07:00:00,LOC_003,Jl. Gatot Subroto,2.3375,99.0729,106.0,30,56,3,17,37.86,61.28,Clear
2026-05-08 07:15:00,LOC_001,Jl. Sisingamangaraja,2.3321,99.0654,182.0,47,95,4,36,14.79,100.0,Foggy
2026-05-08 07:30:00,LOC_004,Jl. Merdeka,2.3402,99.0752,84.0,23,48,2,11,43.27,53.94,Clear
2026-05-08 07:45:00,LOC_004,Jl. Merdeka,2.3402,99.0752,110.0,27,56,6,21,39.51,58.87,Cloudy
2026-05-08 08:00:00,LOC_003,Jl. Gatot Subroto,2.3375,99.0729,120.0,36,72,6,6,21.12,65.6,Foggy
2026-05-08 08:15:00,LOC_005,Jl. Ahmad Yani,2.3429,99.0788,160.0,47,103,9,1,18.75,93.01,Cloudy
2026-05-08 08:30:00,LOC_001,Jl. Sisingamangaraja,2.3321,99.0654,177.0,45,111,8,13,14.82,91.23,Foggy
2026-05-08 08:45:00,LOC_001,Jl. Sisingamangaraja,2.3321,99.0654,183.0,51,113,9,10,8.12,97.87,Rainy
2026-05-08 09:00:00,LOC_001,Jl. Sisingamangaraja,2.3321,99.0654,138.0,39,77,7,15,29.39,76.59,Cloudy
2026-05-08 09:15:00,LOC_001,Jl. Sisingamangaraja,2.3321,99.0654,170.0,44,93,9,24,18.9,92.81,Cloudy
2026-05-08 09:30:00,LOC_004,Jl. Merdeka,2.3402,99.0752,97.0,31,50,2,14,30.06,49.43,Foggy
2026-05-08 09:45:00,LOC_005,Jl. Ahmad Yani,2.3429,99.0788,146.0,49,74,4,19,26.22,,Cloudy
2026-05-08 10:00:00,LOC_003,Jl. Gatot Subroto,2.3375,99.0729,94.0,31,49,1,13,31.85,60.07,Rainy
2026-05-08 10:15:00,LOC_003,Jl. Gatot Subroto,2.3375,99.0729,81.0,27,51,4,0,38.09,46.06,Foggy
2026-05-08 10:30:00,LOC_004,Jl. Merdeka,2.3402,99.0752,63.0,18,35,2,8,37.19,37.44,Rainy
2026-05-08 10:45:00,LOC_005,Jl. Ahmad Yani,2.3429,99.0788,74.0,20,38,2,14,49.12,45.17,Clear
2026-05-08 11:00:00,LOC_003,Jl. Gatot Subroto,2.3375,99.0729,72.0,18,41,2,11,48.68,37.48,
2026-05-08 11:15:00,LOC_003,Jl. Gatot Subroto,2.3375,99.0729,82.0,28,44,4,6,,44.94,Clear
2026-05-08 11:30:00,LOC_005,Jl. Ahmad Yani,2.3429,99.0788,112.0,29,71,5,7,26.26,68.8,Foggy
2026-05-08 11:45:00,LOC_003,Jl. Gatot Subroto,2.3375,99.0729,98.0,30,54,2,12,37.23,56.85,Rainy
2026-05-08 12:00:00,LOC_005,Jl. Ahmad Yani,2.3429,99.0788,104.0,32,56,3,13,33.89,59.27,Cloudy
2026-05-08 12:15:00,LOC_003,Jl. Gatot Subroto,2.3375,99.0729,70.0,20,43,1,6,45.04,35.34,Clear
2026-05-08 12:30:00,LOC_005,Jl. Ahmad Yani,2.3429,99.0788,118.0,37,69,4,8,27.01,63.12,Cloudy
2026-05-08 12:45:00,LOC_003,Jl. Gatot Subroto,2.3375,99.0729,111.0,36,63,3,9,34.43,56.13,Rainy
2026-05-08 13:00:00,LOC_004,Jl. Merdeka,2.3402,99.0752,71.0,19,41,2,9,43.64,36.76,Cloudy
2026-05-08 13:15:00,LOC_005,Jl. Ahmad Yani,2.3429,99.0788,98.0,24,62,3,9,39.01,50.8,Clear
2026-05-08 13:30:00,LOC_003,Jl. Gatot Subroto,2.3375,99.0729,100.0,30,63,4,3,40.61,53.2,Foggy
2026-05-08 13:45:00,LOC_003,Jl. Gatot Subroto,2.3375,99.0729,83.0,23,52,2,6,38.29,52.07,Cloudy
2026-05-08 14:00:00,LOC_005,Jl. Ahmad Yani,2.3429,99.0788,,26,48,3,19,41.97,57.05,Clear
2026-05-08 14:15:00,LOC_004,Jl. Merdeka,2.3402,99.0752,65.0,19,41,2,3,40.49,38.79,Rainy
2026-05-08 14:30:00,LOC_001,Jl. Sisingamangaraja,2.3321,99.0654,92.0,28,58,4,2,33.35,48.41,Rainy
2026-05-08 14:45:00,LOC_003,Jl. Gatot Subroto,2.3375,99.0729,86.0,28,48,2,8,46.07,51.33,Cloudy
2026-05-08 15:00:00,LOC_002,Jl. Sudirman,2.3348,99.0701,105.0,26,58,3,18,32.27,55.56,Rainy
2026-05-08 15:15:00,LOC_004,Jl. Merdeka,2.3402,99.0752,86.0,24,52,3,7,42.84,44.09,Cloudy
2026-05-08 15:30:00,LOC_002,Jl. Sudirman,2.3348,99.0701,67.0,21,36,2,8,46.12,32.8,Cloudy
2026-05-08 15:45:00,LOC_002,Jl. Sudirman,2.3348,99.0701,48.0,14,30,2,2,51.61,18.61,Clear
2026-05-08 16:00:00,LOC_003,Jl. Gatot Subroto,2.3375,99.0729,122.0,30,61,7,24,33.15,71.54,Clear
2026-05-08 16:15:00,LOC_005,Jl. Ahmad Yani,2.3429,99.0788,138.0,42,86,3,7,33.19,84.31,Clear
2026-05-08 16:30:00,LOC_003,Jl. Gatot Subroto,2.3375,99.0729,142.0,43,91,4,4,29.54,76.03,Cloudy
2026-05-08 16:45:00,LOC_005,Jl. Ahmad Yani,2.3429,99.0788,178.0,46,112,5,15,,100.0,Foggy
2026-05-08 17:00:00,LOC_002,Jl. Sudirman,2.3348,99.0701,144.0,40,90,7,7,16.44,80.48,
2026-05-08 17:15:00,LOC_002,Jl. Sudirman,2.3348,99.0701,149.0,39,93,5,12,26.81,78.61,Cloudy
2026-05-08 17:30:00,LOC_004,Jl. Merdeka,2.3402,99.0752,134.0,36,70,2,26,33.78,77.6,Clear
2026-05-08 17:45:00,LOC_004,Jl. Merdeka,2.3402,99.0752,112.0,35,70,4,3,29.2,66.07,Rainy
2026-05-08 18:00:00,LOC_002,Jl. Sudirman,2.3348,99.0701,158.0,47,86,6,19,20.95,82.03,Foggy
2026-05-08 18:15:00,LOC_005,Jl. Ahmad Yani,2.3429,99.0788,195.0,60,108,11,16,9.67,100.0,Rainy
2026-05-08 18:30:00,LOC_004,Jl. Merdeka,2.3402,99.0752,233.0,70,121,8,34,4.86,93.58,
2026-05-08 18:45:00,LOC_005,Jl. Ahmad Yani,2.3429,99.0788,190.0,53,110,7,20,16.71,100.0,Cloudy
2026-05-08 19:00:00,LOC_003,Jl. Gatot Subroto,2.3375,99.0729,167.0,46,94,7,20,14.15,95.53,
2026-05-08 19:15:00,LOC_002,Jl. Sudirman,2.3348,99.0701,177.0,53,112,5,7,5.0,96.73,
2026-05-08 19:30:00,LOC_005,Jl. Ahmad Yani,2.3429,99.0788,195.0,50,111,11,23,11.69,100.0,Foggy
2026-05-08 19:45:00,LOC_004,Jl. Merdeka,2.3402,99.0752,139.0,41,74,5,19,20.3,80.39,
2026-05-08 20:00:00,LOC_004,Jl. Merdeka,2.3402,99.0752,69.0,17,42,2,8,36.13,44.22,Foggy
2026-05-08 20:15:00,LOC_002,Jl. Sudirman,2.3348,99.0701,81.0,23,43,1,14,50.43,37.88,Cloudy
2026-05-08 20:30:00,LOC_005,Jl. Ahmad Yani,2.3429,99.0788,67.0,17,36,2,12,48.38,38.31,Cloudy
2026-05-08 20:45:00,LOC_003,Jl. Gatot Subroto,2.3375,99.0729,303.0,87,181,9,26,10.9,95.49,Clear
2026-05-08 21:00:00,LOC_004,Jl. Merdeka,2.3402,99.0752,85.0,25,48,4,8,30.09,42.4,Rainy
2026-05-08 21:15:00,LOC_005,Jl. Ahmad Yani,2.3429,99.0788,71.0,18,45,2,6,48.07,43.27,Clear
2026-05-08 21:30:00,LOC_005,Jl. Ahmad Yani,2.3429,99.0788,65.0,21,35,2,7,49.95,31.41,Clear
2026-05-08 21:45:00,LOC_003,Jl. Gatot Subroto,2.3375,99.0729,70.0,24,35,2,9,44.55,39.8,Clear
2026-05-08 22:00:00,LOC_002,Jl. Sudirman,2.3348,99.0701,55.0,14,32,2,7,44.03,28.05,Rainy
2026-05-08 22:15:00,LOC_004,Jl. Merdeka,2.3402,99.0752,48.0,15,30,2,1,46.2,28.26,Cloudy
2026-05-08 22:30:00,LOC_004,Jl. Merdeka,2.3402,99.0752,18.0,5,11,0,2,57.97,5.43,Clear
2026-05-08 22:45:00,LOC_002,Jl. Sudirman,2.3348,99.0701,39.0,11,23,1,4,47.47,22.23,Foggy
2026-05-08 23:00:00,LOC_003,Jl. Gatot Subroto,2.3375,99.0729,30.0,10,15,0,5,49.47,15.22,Clear
2026-05-08 23:15:00,LOC_004,Jl. Merdeka,2.3402,99.0752,25.0,7,15,1,2,63.99,12.77,Clear
2026-05-08 23:30:00,LOC_004,Jl. Merdeka,2.3402,99.0752,47.0,15,26,1,5,45.57,26.95,Rainy
2026-05-08 23:45:00,LOC_002,Jl. Sudirman,2.3348,99.0701,51.0,17,28,1,5,51.19,23.17,Foggy
2026-05-09 00:00:00,LOC_001,Jl. Sisingamangaraja,2.3321,99.0654,66.0,16,40,2,8,,31.76,Rainy
2026-05-09 00:15:00,LOC_002,Jl. Sudirman,2.3348,99.0701,26.0,8,16,1,1,58.25,15.66,Clear
2026-05-09 00:30:00,LOC_003,Jl. Gatot Subroto,2.3375,99.0729,31.0,8,19,1,3,62.68,13.84,Clear
2026-05-09 00:45:00,LOC_003,Jl. Gatot Subroto,2.3375,99.0729,23.0,6,14,1,2,62.77,10.91,Cloudy
2026-05-09 01:00:00,LOC_002,Jl. Sudirman,2.3348,99.0701,37.0,10,19,1,7,48.19,21.15,Clear
2026-05-09 01:15:00,LOC_003,Jl. Gatot Subroto,2.3375,99.0729,32.0,8,20,1,3,47.48,26.77,Foggy
2026-05-09 01:30:00,LOC_002,Jl. Sudirman,2.3348,99.0701,37.0,9,21,1,6,56.37,19.15,Foggy
2026-05-09 01:45:00,LOC_004,Jl. Merdeka,2.3402,99.0752,31.0,10,17,1,3,60.82,17.24,Clear
2026-05-09 02:00:00,LOC_001,Jl. Sisingamangaraja,2.3321,99.0654,54.0,18,33,2,1,58.05,18.21,Clear
2026-05-09 02:15:00,LOC_003,Jl. Gatot Subroto,2.3375,99.0729,30.0,9,19,0,2,54.26,22.31,Cloudy
2026-05-09 02:30:00,LOC_002,Jl. Sudirman,2.3348,99.0701,47.0,15,26,1,5,44.26,,Foggy
2026-05-09 02:45:00,LOC_001,Jl. Sisingamangaraja,2.3321,99.0654,74.0,25,37,2,10,37.43,31.93,Rainy
2026-05-09 03:00:00,LOC_002,Jl. Sudirman,2.3348,99.0701,44.0,11,23,1,9,49.18,23.68,Rainy
2026-05-09 03:15:00,LOC_001,Jl. Sisingamangaraja,2.3321,99.0654,65.0,17,34,2,12,48.05,38.57,Clear
2026-05-09 03:30:00,LOC_002,Jl. Sudirman,2.3348,99.0701,45.0,15,23,1,6,48.98,20.14,Foggy
2026-05-09 03:45:00,LOC_005,Jl. Ahmad Yani,2.3429,99.0788,60.0,15,31,1,13,42.08,35.13,Foggy
2026-05-09 04:00:00,LOC_001,Jl. Sisingamangaraja,2.3321,99.0654,75.0,18,42,3,12,43.39,40.87,Clear
2026-05-09 04:15:00,LOC_004,Jl. Merdeka,2.3402,99.0752,41.0,12,23,1,5,59.14,14.95,
2026-05-09 04:30:00,LOC_005,Jl. Ahmad Yani,2.3429,99.0788,8.0,2,4,0,2,62.28,5.0,Cloudy
2026-05-09 04:45:00,LOC_002,Jl. Sudirman,2.3348,99.0701,57.0,16,30,3,8,43.19,28.54,Rainy
2026-05-09 05:00:00,LOC_004,Jl. Merdeka,2.3402,99.0752,65.0,18,35,1,11,37.33,35.31,Clear
2026-05-09 05:15:00,LOC_005,Jl. Ahmad Yani,2.3429,99.0788,111.0,37,65,2,7,29.43,64.46,Rainy
2026-05-09 05:30:00,LOC_002,Jl. Sudirman,2.3348,99.0701,,39,69,3,3,28.57,73.28,Foggy
2026-05-09 05:45:00,LOC_002,Jl. Sudirman,2.3348,99.0701,107.0,28,60,6,13,38.23,65.34,Clear
2026-05-09 06:00:00,LOC_005,Jl. Ahmad Yani,2.3429,99.0788,153.0,48,88,6,11,20.83,91.43,Rainy
2026-05-09 06:15:00,LOC_001,Jl. Sisingamangaraja,2.3321,99.0654,144.0,41,75,4,24,34.74,78.26,Clear
2026-05-09 06:30:00,LOC_004,Jl. Merdeka,2.3402,99.0752,127.0,36,74,6,11,26.94,66.76,Foggy
2026-05-09 06:45:00,LOC_001,Jl. Sisingamangaraja,2.3321,99.0654,166.0,45,95,3,23,18.16,100.0,Foggy
2026-05-09 07:00:00,LOC_003,Jl. Gatot Subroto,2.3375,99.0729,145.0,48,84,3,10,20.52,85.84,Rainy
2026-05-09 07:15:00,LOC_001,Jl. Sisingamangaraja,2.3321,99.0654,192.0,61,112,6,13,8.63,100.0,Rainy
2026-05-09 07:30:00,LOC_001,Jl. Sisingamangaraja,2.3321,99.0654,201.0,69,107,11,14,5.6,100.0,Rainy
2026-05-09 07:45:00,LOC_002,Jl. Sudirman,2.3348,99.0701,113.0,39,71,4,0,37.91,52.8,Clear
2026-05-09 08:00:00,LOC_005,Jl. Ahmad Yani,2.3429,99.0788,156.0,39,95,3,19,21.72,78.8,Rainy
2026-05-09 08:15:00,LOC_002,Jl. Sudirman,2.3348,99.0701,113.0,33,61,3,16,34.36,57.94,Clear
2026-05-09 08:30:00,LOC_003,Jl. Gatot Subroto,2.3375,99.0729,139.0,42,78,8,11,23.71,81.12,Rainy
2026-05-09 08:45:00,LOC_002,Jl. Sudirman,2.3348,99.0701,133.0,41,80,3,9,23.92,74.82,Foggy
2026-05-09 09:00:00,LOC_004,Jl. Merdeka,2.3402,99.0752,118.0,39,62,2,15,34.92,64.86,Cloudy
2026-05-09 09:15:00,LOC_002,Jl. Sudirman,2.3348,99.0701,142.0,37,75,8,22,34.33,71.25,Clear
2026-05-09 09:30:00,LOC_004,Jl. Merdeka,2.3402,99.0752,83.0,22,45,2,14,44.76,54.36,Clear
2026-05-09 09:45:00,LOC_003,Jl. Gatot Subroto,2.3375,99.0729,108.0,30,57,3,18,32.48,63.66,Cloudy
2026-05-09 10:00:00,LOC_001,Jl. Sisingamangaraja,2.3321,99.0654,97.0,29,52,4,12,35.89,54.4,
2026-05-09 10:15:00,LOC_001,Jl. Sisingamangaraja,2.3321,99.0654,120.0,38,66,3,13,27.62,64.98,Rainy
2026-05-09 10:30:00,LOC_003,Jl. Gatot Subroto,2.3375,99.0729,80.0,25,43,4,8,38.57,49.13,Foggy
2026-05-09 10:45:00,LOC_005,Jl. Ahmad Yani,2.3429,99.0788,90.0,26,48,4,12,39.23,44.23,Foggy
2026-05-09 11:00:00,LOC_003,Jl. Gatot Subroto,2.3375,99.0729,93.0,30,48,3,12,42.55,50.66,Clear
2026-05-09 11:15:00,LOC_002,Jl. Sudirman,2.3348,99.0701,329.0,101,186,7,35,4.74,94.16,Rainy
2026-05-09 11:30:00,LOC_003,Jl. Gatot Subroto,2.3375,99.0729,76.0,22,40,2,12,46.11,42.31,Clear
2026-05-09 11:45:00,LOC_003,Jl. Gatot Subroto,2.3375,99.0729,88.0,24,48,3,13,36.62,,Rainy
2026-05-09 12:00:00,LOC_001,Jl. Sisingamangaraja,2.3321,99.0654,145.0,47,90,3,5,19.45,85.73,Rainy
2026-05-09 12:15:00,LOC_004,Jl. Merdeka,2.3402,99.0752,88.0,27,51,3,7,34.9,49.05,Foggy
2026-05-09 12:30:00,LOC_004,Jl. Merdeka,2.3402,99.0752,74.0,20,41,3,10,41.39,43.13,Foggy
2026-05-09 12:45:00,LOC_003,Jl. Gatot Subroto,2.3375,99.0729,78.0,20,48,1,9,33.01,53.54,Cloudy
2026-05-09 13:00:00,LOC_004,Jl. Merdeka,2.3402,99.0752,86.0,28,54,3,1,34.39,45.75,Foggy
2026-05-09 13:15:00,LOC_003,Jl. Gatot Subroto,2.3375,99.0729,97.0,33,54,4,6,34.81,57.99,
2026-05-09 13:30:00,LOC_001,Jl. Sisingamangaraja,2.3321,99.0654,,42,72,4,16,23.37,76.05,Foggy
2026-05-09 13:45:00,LOC_001,Jl. Sisingamangaraja,2.3321,99.0654,,41,64,6,18,28.7,77.03,
2026-05-09 14:00:00,LOC_005,Jl. Ahmad Yani,2.3429,99.0788,78.0,27,46,4,1,43.89,40.63,Cloudy
2026-05-09 14:15:00,LOC_005,Jl. Ahmad Yani,2.3429,99.0788,105.0,34,58,5,8,,58.03,Rainy
2026-05-09 14:30:00,LOC_003,Jl. Gatot Subroto,2.3375,99.0729,57.0,17,36,1,3,40.76,,Clear
2026-05-09 14:45:00,LOC_001,Jl. Sisingamangaraja,2.3321,99.0654,119.0,34,76,4,5,32.73,60.68,Rainy
2026-05-09 15:00:00,LOC_003,Jl. Gatot Subroto,2.3375,99.0729,102.0,28,55,2,17,,55.06,Rainy
2026-05-09 15:15:00,LOC_004,Jl. Merdeka,2.3402,99.0752,70.0,23,41,3,3,34.38,27.74,Foggy
2026-05-09 15:30:00,LOC_002,Jl. Sudirman,2.3348,99.0701,94.0,25,58,3,8,33.25,53.78,Foggy
2026-05-09 15:45:00,LOC_003,Jl. Gatot Subroto,2.3375,99.0729,61.0,15,32,3,11,45.96,37.29,Foggy
2026-05-09 16:00:00,LOC_001,Jl. Sisingamangaraja,2.3321,99.0654,190.0,49,110,9,22,6.45,,Rainy
2026-05-09 16:15:00,LOC_005,Jl. Ahmad Yani,2.3429,99.0788,179.0,48,94,3,34,18.85,100.0,Foggy
2026-05-09 16:30:00,LOC_003,Jl. Gatot Subroto,2.3375,99.0729,141.0,40,77,6,18,30.9,82.07,Clear
2026-05-09 16:45:00,LOC_001,Jl. Sisingamangaraja,2.3321,99.0654,213.0,69,125,10,9,5.0,100.0,Foggy
2026-05-09 17:00:00,LOC_003,Jl. Gatot Subroto,2.3375,99.0729,142.0,44,91,3,4,28.17,88.23,Cloudy
2026-05-09 17:15:00,LOC_001,Jl. Sisingamangaraja,2.3321,99.0654,194.0,62,119,10,3,11.66,100.0,Cloudy
2026-05-09 17:30:00,LOC_005,Jl. Ahmad Yani,2.3429,99.0788,159.0,40,102,6,11,23.47,90.94,Foggy
2026-05-09 17:45:00,LOC_001,Jl. Sisingamangaraja,2.3321,99.0654,169.0,46,88,6,29,21.43,91.0,Cloudy
2026-05-09 18:00:00,LOC_001,Jl. Sisingamangaraja,2.3321,99.0654,190.0,59,99,5,27,14.51,100.0,Cloudy
2026-05-09 18:15:00,LOC_003,Jl. Gatot Subroto,2.3375,99.0729,146.0,47,86,4,9,11.82,75.14,Rainy
2026-05-09 18:30:00,LOC_004,Jl. Merdeka,2.3402,99.0752,96.0,26,56,5,9,35.59,55.82,Clear
2026-05-09 18:45:00,LOC_005,Jl. Ahmad Yani,2.3429,99.0788,157.0,49,80,8,20,25.38,86.87,Cloudy
2026-05-09 19:00:00,LOC_004,Jl. Merdeka,2.3402,99.0752,120.0,33,63,2,22,31.23,73.46,Rainy
2026-05-09 19:15:00,LOC_003,Jl. Gatot Subroto,2.3375,99.0729,140.0,36,72,6,26,22.05,83.15,Foggy
2026-05-09 19:30:00,LOC_001,Jl. Sisingamangaraja,2.3321,99.0654,185.0,58,111,8,8,24.05,100.0,Cloudy
2026-05-09 19:45:00,LOC_005,Jl. Ahmad Yani,2.3429,99.0788,189.0,62,110,11,6,,100.0,Rainy
2026-05-09 20:00:00,LOC_004,Jl. Merdeka,2.3402,99.0752,83.0,27,42,4,10,33.7,53.73,Rainy
2026-05-09 20:15:00,LOC_003,Jl. Gatot Subroto,2.3375,99.0729,57.0,16,32,1,8,49.23,34.59,Cloudy
2026-05-09 20:30:00,LOC_001,Jl. Sisingamangaraja,2.3321,99.0654,93.0,31,50,4,8,41.52,46.87,Clear
2026-05-09 20:45:00,LOC_002,Jl. Sudirman,2.3348,99.0701,102.0,25,62,3,12,29.48,58.47,Foggy
2026-05-09 21:00:00,LOC_005,Jl. Ahmad Yani,2.3429,99.0788,91.0,26,54,3,8,38.87,49.33,Foggy
2026-05-09 21:15:00,LOC_005,Jl. Ahmad Yani,2.3429,99.0788,90.0,31,56,2,1,45.91,43.85,Clear
2026-05-09 21:30:00,LOC_003,Jl. Gatot Subroto,2.3375,99.0729,104.0,36,54,6,8,31.06,55.24,Rainy
2026-05-09 21:45:00,LOC_004,Jl. Merdeka,2.3402,99.0752,52.0,14,26,2,10,46.0,27.78,Cloudy
2026-05-09 22:00:00,LOC_005,Jl. Ahmad Yani,2.3429,99.0788,39.0,13,20,2,4,54.53,19.97,Rainy
2026-05-09 22:15:00,LOC_004,Jl. Merdeka,2.3402,99.0752,29.0,7,14,1,7,54.73,20.03,Cloudy
2026-05-09 22:30:00,LOC_001,Jl. Sisingamangaraja,2.3321,99.0654,47.0,15,28,1,3,55.02,32.93,Cloudy
2026-05-09 22:45:00,LOC_001,Jl. Sisingamangaraja,2.3321,99.0654,38.0,10,19,1,8,49.47,21.9,Foggy
2026-05-09 23:00:00,LOC_002,Jl. Sudirman,2.3348,99.0701,42.0,13,26,2,1,,31.98,Foggy
2026-05-09 23:15:00,LOC_001,Jl. Sisingamangaraja,2.3321,99.0654,41.0,11,24,1,5,45.37,25.22,Rainy
2026-05-09 23:30:00,LOC_003,Jl. Gatot Subroto,2.3375,99.0729,43.0,12,23,1,7,50.89,22.56,Clear
2026-05-09 23:45:00,LOC_005,Jl. Ahmad Yani,2.3429,99.0788,65.0,17,39,1,8,40.97,34.56,Rainy
2026-05-10 00:00:00,LOC_003,Jl. Gatot Subroto,2.3375,99.0729,50.0,14,25,2,9,38.15,36.11,Cloudy
2026-05-10 00:15:00,LOC_002,Jl. Sudirman,2.3348,99.0701,45.0,14,24,1,6,43.08,21.34,Rainy
2026-05-10 00:30:00,LOC_005,Jl. Ahmad Yani,2.3429,99.0788,57.0,15,32,3,7,49.45,28.68,Cloudy
2026-05-10 00:45:00,LOC_001,Jl. Sisingamangaraja,2.3321,99.0654,73.0,19,41,3,10,35.68,26.39,Cloudy
2026-05-10 01:00:00,LOC_002,Jl. Sudirman,2.3348,99.0701,51.0,15,31,2,3,49.76,27.17,Cloudy
2026-05-10 01:15:00,LOC_004,Jl. Merdeka,2.3402,99.0752,61.0,18,32,1,10,48.76,37.02,Clear
2026-05-10 01:30:00,LOC_003,Jl. Gatot Subroto,2.3375,99.0729,44.0,13,26,1,4,48.49,20.45,Rainy
2026-05-10 01:45:00,LOC_004,Jl. Merdeka,2.3402,99.0752,28.0,8,16,1,3,52.74,13.2,Cloudy
2026-05-10 02:00:00,LOC_005,Jl. Ahmad Yani,2.3429,99.0788,51.0,14,30,2,5,51.62,22.16,Clear
2026-05-10 02:15:00,LOC_001,Jl. Sisingamangaraja,2.3321,99.0654,70.0,18,41,4,7,41.42,33.61,Rainy
2026-05-10 02:30:00,LOC_004,Jl. Merdeka,2.3402,99.0752,44.0,13,27,1,3,44.15,18.57,Foggy
2026-05-10 02:45:00,LOC_005,Jl. Ahmad Yani,2.3429,99.0788,39.0,11,25,1,2,45.1,24.99,Foggy
2026-05-10 03:00:00,LOC_004,Jl. Merdeka,2.3402,99.0752,20.0,5,11,0,4,56.2,5.0,Clear
2026-05-10 03:15:00,LOC_002,Jl. Sudirman,2.3348,99.0701,35.0,11,17,1,6,47.49,18.45,Rainy
2026-05-10 03:30:00,LOC_001,Jl. Sisingamangaraja,2.3321,99.0654,60.0,18,30,1,11,49.09,39.76,Foggy
2026-05-10 03:45:00,LOC_004,Jl. Merdeka,2.3402,99.0752,29.0,8,18,1,2,55.38,13.69,Rainy
2026-05-10 04:00:00,LOC_002,Jl. Sudirman,2.3348,99.0701,53.0,13,33,3,4,48.6,31.89,Cloudy
2026-05-10 04:15:00,LOC_002,Jl. Sudirman,2.3348,99.0701,,17,27,2,6,46.33,28.7,Foggy
2026-05-10 04:30:00,LOC_005,Jl. Ahmad Yani,2.3429,99.0788,71.0,17,42,4,8,51.99,39.63,Clear
2026-05-10 04:45:00,LOC_001,Jl. Sisingamangaraja,2.3321,99.0654,46.0,14,29,2,1,50.6,24.04,Cloudy
2026-05-10 05:00:00,LOC_003,Jl. Gatot Subroto,2.3375,99.0729,72.0,22,36,2,12,31.32,39.56,Cloudy
2026-05-10 05:15:00,LOC_002,Jl. Sudirman,2.3348,99.0701,119.0,37,62,3,17,28.41,70.9,Rainy
2026-05-10 05:30:00,LOC_002,Jl. Sudirman,2.3348,99.0701,90.0,24,53,4,9,34.64,34.5,Rainy
2026-05-10 05:45:00,LOC_005,Jl. Ahmad Yani,2.3429,99.0788,107.0,28,65,4,10,26.78,59.93,Rainy
2026-05-10 06:00:00,LOC_001,Jl. Sisingamangaraja,2.3321,99.0654,203.0,52,127,4,20,5.22,100.0,Rainy
2026-05-10 06:15:00,LOC_002,Jl. Sudirman,2.3348,99.0701,155.0,49,80,3,23,12.26,92.52,Rainy
2026-05-10 06:30:00,LOC_002,Jl. Sudirman,2.3348,99.0701,270.0,94,153,5,18,5.59,97.37,Rainy
2026-05-10 06:45:00,LOC_005,Jl. Ahmad Yani,2.3429,99.0788,148.0,43,76,3,26,32.12,86.21,Clear
2026-05-10 07:00:00,LOC_005,Jl. Ahmad Yani,2.3429,99.0788,142.0,48,88,5,1,22.6,79.14,Cloudy
2026-05-10 07:15:00,LOC_005,Jl. Ahmad Yani,2.3429,99.0788,150.0,50,83,5,12,20.12,67.45,Cloudy
2026-05-10 07:30:00,LOC_002,Jl. Sudirman,2.3348,99.0701,163.0,46,91,6,20,17.42,83.03,Rainy
2026-05-10 07:45:00,LOC_005,Jl. Ahmad Yani,2.3429,99.0788,141.0,42,87,4,8,28.69,76.33,Clear
2026-05-10 08:00:00,LOC_001,Jl. Sisingamangaraja,2.3321,99.0654,150.0,44,78,4,24,28.56,83.07,Clear
2026-05-10 08:15:00,LOC_001,Jl. Sisingamangaraja,2.3321,99.0654,188.0,57,109,6,16,12.03,100.0,Rainy
2026-05-10 08:30:00,LOC_002,Jl. Sudirman,2.3348,99.0701,130.0,38,69,6,17,23.67,75.53,Foggy
2026-05-10 08:45:00,LOC_005,Jl. Ahmad Yani,2.3429,99.0788,124.0,36,62,6,20,37.03,59.32,Clear
2026-05-10 09:00:00,LOC_004,Jl. Merdeka,2.3402,99.0752,127.0,42,64,3,18,22.03,68.85,Rainy
2026-05-10 09:15:00,LOC_003,Jl. Gatot Subroto,2.3375,99.0729,139.0,39,84,7,9,23.62,76.3,Foggy
2026-05-10 09:30:00,LOC_002,Jl. Sudirman,2.3348,99.0701,137.0,47,72,8,10,24.69,79.51,Foggy
2026-05-10 09:45:00,LOC_003,Jl. Gatot Subroto,2.3375,99.0729,126.0,34,73,6,13,30.98,64.07,Foggy
2026-05-10 10:00:00,LOC_001,Jl. Sisingamangaraja,2.3321,99.0654,102.0,28,58,2,14,41.98,52.49,Clear
2026-05-10 10:15:00,LOC_002,Jl. Sudirman,2.3348,99.0701,74.0,22,45,1,6,43.24,40.4,Foggy
2026-05-10 10:30:00,LOC_004,Jl. Merdeka,2.3402,99.0752,82.0,23,46,1,12,40.62,47.04,Foggy
2026-05-10 10:45:00,LOC_004,Jl. Merdeka,2.3402,99.0752,67.0,20,35,2,10,47.37,,Cloudy
2026-05-10 11:00:00,LOC_003,Jl. Gatot Subroto,2.3375,99.0729,102.0,26,51,2,23,45.87,53.28,
2026-05-10 11:15:00,LOC_003,Jl. Gatot Subroto,2.3375,99.0729,109.0,28,68,3,10,27.0,53.8,Rainy
2026-05-10 11:30:00,LOC_003,Jl. Gatot Subroto,2.3375,99.0729,95.0,33,53,2,7,28.51,50.11,Foggy
2026-05-10 11:45:00,LOC_002,Jl. Sudirman,2.3348,99.0701,332.0,99,204,10,19,7.28,93.17,Rainy
2026-05-10 12:00:00,LOC_005,Jl. Ahmad Yani,2.3429,99.0788,94.0,25,55,2,12,37.44,55.14,Clear
2026-05-10 12:15:00,LOC_003,Jl. Gatot Subroto,2.3375,99.0729,95.0,25,51,2,17,42.23,59.65,Cloudy
2026-05-10 12:30:00,LOC_004,Jl. Merdeka,2.3402,99.0752,61.0,20,32,1,8,51.65,34.89,Clear
2026-05-10 12:45:00,LOC_003,Jl. Gatot Subroto,2.3375,99.0729,91.0,31,50,4,6,32.96,44.46,
2026-05-10 13:00:00,LOC_002,Jl. Sudirman,2.3348,99.0701,,24,53,3,13,38.25,57.71,Cloudy
2026-05-10 13:15:00,LOC_001,Jl. Sisingamangaraja,2.3321,99.0654,106.0,28,65,3,10,34.39,57.02,Clear
2026-05-10 13:30:00,LOC_003,Jl. Gatot Subroto,2.3375,99.0729,104.0,29,54,2,19,,53.3,Foggy
2026-05-10 13:45:00,LOC_005,Jl. Ahmad Yani,2.3429,99.0788,120.0,39,77,4,0,32.31,67.46,Foggy
2026-05-10 14:00:00,LOC_002,Jl. Sudirman,2.3348,99.0701,68.0,22,37,3,6,45.85,42.23,Cloudy
2026-05-10 14:15:00,LOC_003,Jl. Gatot Subroto,2.3375,99.0729,91.0,31,57,2,1,40.9,52.08,Rainy
2026-05-10 14:30:00,LOC_002,Jl. Sudirman,2.3348,99.0701,91.0,30,47,4,10,44.91,50.18,Cloudy
2026-05-10 14:45:00,LOC_004,Jl. Merdeka,2.3402,99.0752,58.0,16,30,1,11,48.89,21.27,Foggy
2026-05-10 15:00:00,LOC_004,Jl. Merdeka,2.3402,99.0752,93.0,25,58,2,8,38.24,50.75,Rainy
2026-05-10 15:15:00,LOC_004,Jl. Merdeka,2.3402,99.0752,62.0,20,40,2,0,53.43,,Clear
2026-05-10 15:30:00,LOC_001,Jl. Sisingamangaraja,2.3321,99.0654,116.0,35,59,5,17,29.18,58.15,Foggy
2026-05-10 15:45:00,LOC_005,Jl. Ahmad Yani,2.3429,99.0788,107.0,35,59,2,11,33.21,65.71,Foggy
2026-05-10 16:00:00,LOC_002,Jl. Sudirman,2.3348,99.0701,160.0,49,84,8,19,25.88,,Cloudy
2026-05-10 16:15:00,LOC_005,Jl. Ahmad Yani,2.3429,99.0788,190.0,50,107,6,27,9.01,100.0,Rainy
2026-05-10 16:30:00,LOC_001,Jl. Sisingamangaraja,2.3321,99.0654,163.0,45,99,8,11,23.31,86.92,Clear
2026-05-10 16:45:00,LOC_003,Jl. Gatot Subroto,2.3375,99.0729,110.0,31,67,4,8,25.61,54.24,Foggy
2026-05-10 17:00:00,LOC_005,Jl. Ahmad Yani,2.3429,99.0788,192.0,58,106,8,20,11.46,100.0,Foggy
2026-05-10 17:15:00,LOC_003,Jl. Gatot Subroto,2.3375,99.0729,114.0,36,72,4,2,35.62,63.68,Clear
2026-05-10 17:30:00,LOC_001,Jl. Sisingamangaraja,2.3321,99.0654,198.0,56,115,4,23,19.07,100.0,Foggy
2026-05-10 17:45:00,LOC_002,Jl. Sudirman,2.3348,99.0701,151.0,38,76,7,30,22.1,99.45,Rainy
2026-05-10 18:00:00,LOC_003,Jl. Gatot Subroto,2.3375,99.0729,154.0,41,80,5,28,17.11,80.65,Foggy
2026-05-10 18:15:00,LOC_003,Jl. Gatot Subroto,2.3375,99.0729,116.0,36,69,6,5,33.06,63.74,Clear
2026-05-10 18:30:00,LOC_004,Jl. Merdeka,2.3402,99.0752,127.0,38,63,2,24,36.18,74.49,Clear
2026-05-10 18:45:00,LOC_005,Jl. Ahmad Yani,2.3429,99.0788,162.0,49,104,6,3,22.12,,Cloudy
2026-05-10 19:00:00,LOC_003,Jl. Gatot Subroto,2.3375,99.0729,156.0,46,83,5,22,15.06,77.54,Rainy
2026-05-10 19:15:00,LOC_001,Jl. Sisingamangaraja,2.3321,99.0654,209.0,62,109,11,27,5.0,100.0,Foggy
2026-05-10 19:30:00,LOC_005,Jl. Ahmad Yani,2.3429,99.0788,184.0,62,118,8,0,15.15,99.88,Foggy
2026-05-10 19:45:00,LOC_005,Jl. Ahmad Yani,2.3429,99.0788,191.0,56,102,8,25,15.75,100.0,Rainy
2026-05-10 20:00:00,LOC_005,Jl. Ahmad Yani,2.3429,99.0788,90.0,26,46,4,14,35.73,49.93,Clear
2026-05-10 20:15:00,LOC_002,Jl. Sudirman,2.3348,99.0701,58.0,17,31,3,7,53.42,33.98,Clear
2026-05-10 20:30:00,LOC_004,Jl. Merdeka,2.3402,99.0752,79.0,26,40,2,11,36.16,44.54,Rainy
2026-05-10 20:45:00,LOC_003,Jl. Gatot Subroto,2.3375,99.0729,63.0,16,40,2,5,40.03,40.23,Rainy
2026-05-10 21:00:00,LOC_002,Jl. Sudirman,2.3348,99.0701,79.0,26,44,3,6,36.89,45.42,Cloudy
2026-05-10 21:15:00,LOC_005,Jl. Ahmad Yani,2.3429,99.0788,97.0,24,55,2,16,30.03,52.79,Foggy
2026-05-10 21:30:00,LOC_005,Jl. Ahmad Yani,2.3429,99.0788,92.0,31,55,5,1,35.78,58.83,Clear
2026-05-10 21:45:00,LOC_001,Jl. Sisingamangaraja,2.3321,99.0654,96.0,29,56,2,9,41.34,47.99,Clear
2026-05-10 22:00:00,LOC_002,Jl. Sudirman,2.3348,99.0701,61.0,18,39,1,3,51.05,39.91,Rainy
2026-05-10 22:15:00,LOC_004,Jl. Merdeka,2.3402,99.0752,36.0,10,23,1,2,44.43,28.52,Foggy
2026-05-10 22:30:00,LOC_002,Jl. Sudirman,2.3348,99.0701,222.0,73,118,12,19,5.36,90.52,Cloudy
2026-05-10 22:45:00,LOC_003,Jl. Gatot Subroto,2.3375,99.0729,36.0,10,18,0,8,52.12,22.51,Rainy
2026-05-10 23:00:00,LOC_002,Jl. Sudirman,2.3348,99.0701,48.0,16,29,1,2,47.31,27.04,Foggy
2026-05-10 23:15:00,LOC_005,Jl. Ahmad Yani,2.3429,99.0788,40.0,12,20,1,7,46.84,15.2,Rainy
2026-05-10 23:30:00,LOC_005,Jl. Ahmad Yani,2.3429,99.0788,51.0,16,28,2,5,46.33,24.66,Rainy
2026-05-10 23:45:00,LOC_005,Jl. Ahmad Yani,2.3429,99.0788,28.0,9,14,0,5,50.97,15.21,Foggy
2026-05-11 00:00:00,LOC_005,Jl. Ahmad Yani,2.3429,99.0788,61.0,15,32,2,12,39.02,36.83,
2026-05-11 00:15:00,LOC_004,Jl. Merdeka,2.3402,99.0752,38.0,12,24,1,1,,23.38,Clear
2026-05-11 00:30:00,LOC_003,Jl. Gatot Subroto,2.3375,99.0729,24.0,7,15,1,1,51.2,11.11,Rainy
2026-05-11 00:45:00,LOC_001,Jl. Sisingamangaraja,2.3321,99.0654,47.0,15,24,1,7,51.39,24.07,Foggy
2026-05-11 01:00:00,LOC_005,Jl. Ahmad Yani,2.3429,99.0788,64.0,16,40,1,7,41.49,39.55,Rainy
2026-05-11 01:15:00,LOC_001,Jl. Sisingamangaraja,2.3321,99.0654,40.0,11,25,1,3,51.07,19.58,Foggy
2026-05-11 01:30:00,LOC_003,Jl. Gatot Subroto,2.3375,99.0729,26.0,7,15,0,4,55.46,5.0,
2026-05-11 01:45:00,LOC_001,Jl. Sisingamangaraja,2.3321,99.0654,46.0,14,26,0,6,50.68,30.42,Foggy
2026-05-11 02:00:00,LOC_002,Jl. Sudirman,2.3348,99.0701,39.0,13,23,1,2,48.65,16.71,Foggy
2026-05-11 02:15:00,LOC_002,Jl. Sudirman,2.3348,99.0701,35.0,9,20,1,5,55.45,28.45,Cloudy
2026-05-11 02:30:00,LOC_001,Jl. Sisingamangaraja,2.3321,99.0654,31.0,7,18,0,6,49.84,19.52,Clear
2026-05-11 02:45:00,LOC_002,Jl. Sudirman,2.3348,99.0701,42.0,12,22,1,7,53.02,24.4,Clear
2026-05-11 03:00:00,LOC_004,Jl. Merdeka,2.3402,99.0752,26.0,6,14,0,6,57.42,13.3,Rainy
2026-05-11 03:15:00,LOC_004,Jl. Merdeka,2.3402,99.0752,48.0,13,26,2,7,46.61,31.3,Cloudy
2026-05-11 03:30:00,LOC_004,Jl. Merdeka,2.3402,99.0752,27.0,8,17,1,1,53.21,6.45,Cloudy
2026-05-11 03:45:00,LOC_004,Jl. Merdeka,2.3402,99.0752,,14,30,1,4,47.18,21.83,Foggy
2026-05-11 04:00:00,LOC_001,Jl. Sisingamangaraja,2.3321,99.0654,47.0,15,29,1,2,51.85,21.89,Cloudy
2026-05-11 04:15:00,LOC_005,Jl. Ahmad Yani,2.3429,99.0788,52.0,15,28,2,7,48.1,24.24,Cloudy
2026-05-11 04:30:00,LOC_005,Jl. Ahmad Yani,2.3429,99.0788,88.0,23,54,4,7,30.71,51.55,Rainy
2026-05-11 04:45:00,LOC_004,Jl. Merdeka,2.3402,99.0752,56.0,16,33,1,6,46.23,41.45,Foggy
2026-05-11 05:00:00,LOC_003,Jl. Gatot Subroto,2.3375,99.0729,56.0,17,35,1,3,52.81,39.02,Cloudy
2026-05-11 05:15:00,LOC_004,Jl. Merdeka,2.3402,99.0752,71.0,21,43,3,4,36.85,31.65,Rainy
2026-05-11 05:30:00,LOC_005,Jl. Ahmad Yani,2.3429,99.0788,116.0,39,59,3,15,,61.71,Rainy
2026-05-11 05:45:00,LOC_003,Jl. Gatot Subroto,2.3375,99.0729,220.0,71,120,12,17,7.34,95.03,
2026-05-11 06:00:00,LOC_002,Jl. Sudirman,2.3348,99.0701,114.0,37,62,6,9,41.59,59.51,Cloudy
2026-05-11 06:15:00,LOC_003,Jl. Gatot Subroto,2.3375,99.0729,154.0,40,94,3,17,22.87,82.82,Rainy
2026-05-11 06:30:00,LOC_002,Jl. Sudirman,2.3348,99.0701,143.0,43,83,6,11,24.15,82.02,Rainy
2026-05-11 06:45:00,LOC_003,Jl. Gatot Subroto,2.3375,99.0729,,36,61,2,14,27.87,56.46,Cloudy
2026-05-11 07:00:00,LOC_004,Jl. Merdeka,2.3402,99.0752,110.0,29,68,5,8,29.82,62.5,Rainy
2026-05-11 07:15:00,LOC_004,Jl. Merdeka,2.3402,99.0752,136.0,43,83,4,6,20.58,80.11,Rainy
2026-05-11 07:30:00,LOC_005,Jl. Ahmad Yani,2.3429,99.0788,188.0,52,104,7,25,11.83,100.0,Rainy
2026-05-11 07:45:00,LOC_003,Jl. Gatot Subroto,2.3375,99.0729,,30,74,3,11,38.93,68.32,Clear
2026-05-11 08:00:00,LOC_005,Jl. Ahmad Yani,2.3429,99.0788,153.0,44,78,4,27,25.08,89.87,Foggy
2026-05-11 08:15:00,LOC_004,Jl. Merdeka,2.3402,99.0752,111.0,36,56,4,15,26.03,62.61,Rainy
2026-05-11 08:30:00,LOC_002,Jl. Sudirman,2.3348,99.0701,152.0,50,97,5,0,17.96,79.52,Rainy
2026-05-11 08:45:00,LOC_001,Jl. Sisingamangaraja,2.3321,99.0654,184.0,63,107,3,11,15.34,100.0,Rainy
2026-05-11 09:00:00,LOC_001,Jl. Sisingamangaraja,2.3321,99.0654,192.0,49,115,11,17,8.96,98.62,Rainy
2026-05-11 09:15:00,LOC_004,Jl. Merdeka,2.3402,99.0752,111.0,31,64,2,14,30.27,67.63,Rainy
2026-05-11 09:30:00,LOC_004,Jl. Merdeka,2.3402,99.0752,91.0,25,47,4,15,37.26,52.73,Cloudy
2026-05-11 09:45:00,LOC_002,Jl. Sudirman,2.3348,99.0701,156.0,40,85,8,23,13.78,88.81,Rainy
